{"train_mse": 0.03586925689400025, "train_mse_p": 0.01194465712773714, "train_preds": [["Ba0.5Sr0.5!@#$%^Co0.8Fe0.2", -1.8066210746765137, 0.015609138183449224, -1.744727494896694, 0.018], ["Sm0.5Sr0.5!@#$%^Fe0.8Cu0.2", -1.0204282999038696, 0.09540512394757797, -1.0757207139381184, 0.08399999999999999], ["Bi0.5Sr0.5!@#$%^Fe1.0", -1.0047448873519897, 0.09891339597011525, -0.9208187539523752, 0.11999999999999998], ["Sr1.0!@#$%^Fe0.9Nb0.1", -1.0869475603103638, 0.08185636211446266, -0.5376020021010439, 0.29], ["Ba1.0!@#$%^Nb0.05Fe0.95", -1.4545632600784302, 0.03511047782677093, -1.585026652029182, 0.026000000000000002], ["Sr1.0!@#$%^Nb0.1Co0.4Fe0.5", -1.6608315706253052, 0.02183576588804207, -1.6197887582883939, 0.024000000000000007], ["Sr1.0!@#$%^Ti0.65Fe0.35", -1.0869932174682617, 0.081847757049096, -0.9625735020593764, 0.10899999999999999], ["Pr0.2Ba0.8!@#$%^Co0.7Fe0.3", -1.0012054443359375, 0.09972282103637042, -1.0457574905606752, 0.08999999999999998], ["Sr1.0!@#$%^Sc0.2Co0.8", -1.822231650352478, 0.01505803664324567, -1.7212463990471711, 0.018999999999999996], ["Bi0.5Sr0.5!@#$%^Fe0.85Nb0.15", -1.294488787651062, 0.050758784345179574, -1.1135092748275182, 0.077], ["La0.5Bi0.3Sr0.2!@#$%^Fe1.0", -0.7194044589996338, 0.1908075437785713, -0.6989700043360187, 0.20000000000000004], ["Pr0.5Sr0.5!@#$%^Fe0.8Cu0.2", -0.8124017715454102, 0.15402748650711465, -0.8239087409443188, 0.15], ["La0.8Sr0.2!@#$%^Fe1.0", -0.001264125108718872, 0.9970934765109167, -0.09691001300805639, 0.8], ["Ba0.5Sr0.5!@#$%^Fe0.8Cu0.1Ti0.1", -1.7120767831802368, 0.01940542759678236, -1.6989700043360187, 0.020000000000000004], ["Pr0.6Sr0.4!@#$%^Fe0.7Ni0.2Mo0.1", -0.16391170024871826, 0.6856276125054279, -0.045757490560675115, 0.9], ["Pr0.6Ca0.4!@#$%^Fe0.8Ni0.2", -0.35374584794044495, 0.4428474538635367, -0.3098039199714863, 0.49000000000000005], ["Sr1.0!@#$%^Ti0.5Fe0.5", -1.08698570728302, 0.08184917244154878, -0.8996294548824371, 0.126], ["Sr1.0!@#$%^Fe0.9Ti0.1", -1.0869706869125366, 0.08185200329988387, -1.4559319556497243, 0.035], ["La0.4Sr0.6!@#$%^Co0.8Fe0.2", -1.3736783266067505, 0.042298179257521794, -1.4436974992327127, 0.036], ["Sr1.0!@#$%^Ti0.1Fe0.9", -1.0869706869125366, 0.08185200329988387, -1.6777807052660807, 0.021], ["La0.5Sr0.5!@#$%^Fe0.8Cu0.15Nb0.05", -0.43766647577285767, 0.3650341738420624, -0.4559319556497244, 0.35], ["Ba1.0!@#$%^Co1.0", -1.246461272239685, 0.05669421257455728, -1.2218487496163564, 0.06], ["Bi0.4Sr0.6!@#$%^Co0.3Fe0.7", -0.6099311113357544, 0.24550983174335875, -0.619788758288394, 0.24], ["Ba0.5Sr0.5!@#$%^Zn0.2Fe0.8", -0.6875253915786743, 0.2053404968017101, -0.638272163982407, 0.23000000000000004], ["La0.1Bi0.7Sr0.2!@#$%^Fe1.0", -1.0258029699325562, 0.09423170085250342, -1.0, 0.1], ["Ba1.0!@#$%^Co0.7Fe0.2Nb0.1", -1.2835413217544556, 0.05205454781796812, -1.3098039199714864, 0.048999999999999995], ["Ba0.95Ca0.05!@#$%^Fe0.95In0.05", -1.421194076538086, 0.0379145515418029, -1.4202164033831899, 0.038], ["Pr0.5Ba0.5!@#$%^Co1.0", -1.2939609289169312, 0.050820516092388184, -1.0969100130080565, 0.07999999999999999], ["Sr1.0!@#$%^Nb0.1Co0.6Fe0.3", -1.8628745079040527, 0.013712779482278618, -1.7695510786217261, 0.016999999999999998], ["Bi0.5Sr0.5!@#$%^Fe0.9Nb0.1", -1.2944185733795166, 0.05076699140130006, -1.4202164033831899, 0.038], ["Ba0.6La0.4!@#$%^Fe1.0", -0.731777548789978, 0.18544812693015297, -0.721246399047171, 0.19], ["Ba0.5Sr0.5!@#$%^Fe0.9Sb0.1", -0.9376605749130249, 0.11543550975226104, -0.9208187539523752, 0.11999999999999998], ["La0.5Sr0.5!@#$%^Fe0.8Cu0.2", -0.5977128744125366, 0.25251496757143554, -0.6020599913279624, 0.25], ["La0.4Sr0.6!@#$%^Ni0.2Fe0.8", -0.34481537342071533, 0.4520480774919657, -0.3010299956639812, 0.5], ["La0.5Sr0.5!@#$%^Fe1.0", -0.32704347372055054, 0.47093018301208317, -0.10237290870955855, 0.79], ["Ba0.8La0.2!@#$%^Fe1.0", -0.3934394419193268, 0.40416672764704287, -0.3010299956639812, 0.5], ["Sr1.0!@#$%^Nb0.1Co0.9", -1.768152117729187, 0.017054849143776356, -1.744727494896694, 0.018], ["Sr1.0!@#$%^Nb0.2Fe0.8", -1.0869579315185547, 0.08185440735963158, -1.0705810742857071, 0.08500000000000002], ["Pr0.9Ca0.1!@#$%^Fe0.8Ni0.2", -0.16443589329719543, 0.6848005598210261, -0.1549019599857432, 0.7], ["Sr1.0!@#$%^Co1.0", -0.989679217338562, 0.10240491057528206, -0.958607314841775, 0.11], ["Sr1.0!@#$%^Sc0.175Nb0.025Fe0.8", -1.3212475776672363, 0.047725712676983584, -1.3979400086720375, 0.04000000000000001], ["Sr1.0!@#$%^Nb0.1Fe0.9", -1.0869475603103638, 0.08185636211446266, -1.2218487496163564, 0.06], ["Nd0.2Sr0.8!@#$%^Co1.0", -1.3669198751449585, 0.04296156810966532, -1.3872161432802645, 0.040999999999999995], ["Sr1.0!@#$%^Fe0.85Ti0.15", -1.0869661569595337, 0.08185285707002686, -0.744727494896694, 0.17999999999999997], ["Ba0.5Sr0.5!@#$%^Fe0.9Nb0.1", -0.9375385046005249, 0.11546796061195835, -1.0861861476162833, 0.082], ["Ba0.5Sr0.5!@#$%^Fe1.0", -0.9372413158416748, 0.11554700265645955, -0.6716203965612623, 0.213], ["Ba0.7La0.3!@#$%^Fe1.0", -0.3950682580471039, 0.4026537442783602, -0.3979400086720376, 0.4], ["La0.6Bi0.2Sr0.2!@#$%^Fe1.0", -0.4009556770324707, 0.39723208787658026, -0.4559319556497244, 0.35], ["Ba1.0!@#$%^Fe0.85Cu0.15", -0.44601669907569885, 0.35808266818593315, -0.4559319556497244, 0.35], ["La0.5Sr0.5!@#$%^Co1.0", -1.373682975769043, 0.04229772645405397, -1.4559319556497243, 0.035], ["La0.3Bi0.5Sr0.2!@#$%^Fe1.0", -1.019598364830017, 0.09558761708645186, -1.0, 0.1], ["Sm0.5Sr0.5!@#$%^Co1.0", -0.7854334115982056, 0.16389533352970356, -0.7958800173440752, 0.16], ["Sr1.0!@#$%^Fe0.9Hf0.1", -1.0869801044464111, 0.08185022838519303, -1.431798275933005, 0.037], ["Ba1.0!@#$%^Ce0.1Fe0.6Co0.3", -1.3248659372329712, 0.04732973390087457, -1.3098039199714864, 0.048999999999999995], ["Sr1.0!@#$%^Fe1.0", -1.0869895219802856, 0.08184845350899021, -1.1426675035687315, 0.07200000000000001], ["Pr0.8Ca0.2!@#$%^Fe0.8Ni0.2", -0.2794773578643799, 0.5254394084128202, -0.27572413039921095, 0.53], ["Pr0.1Ba0.9!@#$%^Co0.7Fe0.3", -1.0417062044143677, 0.09084348688590844, -1.585026652029182, 0.026000000000000002], ["La0.7Sr0.3!@#$%^Mn1.0", 0.3734733760356903, 2.3630525302751293, 0.38021124171160603, 2.4], ["La0.6Sr0.4!@#$%^Co0.2Fe0.8", -0.32852908968925476, 0.46932199738010894, -0.9208187539523752, 0.11999999999999998], ["Pr0.7Ca0.3!@#$%^Fe0.8Ni0.2", -0.3426663279533386, 0.4542905177678265, -0.2924298239020636, 0.51], ["Ba0.5Sr0.5!@#$%^Fe0.9Cu0.1", -1.7435189485549927, 0.018050159813744516, -1.7695510786217261, 0.016999999999999998], ["Sr1.0!@#$%^Sc0.175Nb0.025Co0.8", -1.8744546175003052, 0.01335197106454557, -2.070581074285707, 0.008500000000000002], ["La1.0!@#$%^Co1.0", 0.5837397575378418, 3.8347738531721673, 0.5105450102066121, 3.2399999999999998], ["Sr1.0!@#$%^Fe0.95Ti0.05", -1.0869781970977783, 0.08185058785847793, -0.6575773191777937, 0.22000000000000003], ["Nd0.1Ba0.9!@#$%^Co0.7Fe0.3", -1.0340795516967773, 0.09245288082775012, -1.0457574905606752, 0.08999999999999998], ["Pr1.0!@#$%^Fe0.8Ni0.2", -0.042691975831985474, 0.9063752212907477, -0.017728766960431602, 0.96], ["La0.2Ba0.8!@#$%^Co0.7Fe0.3", -0.8411382436752319, 0.14416563735559434, -0.6575773191777937, 0.22000000000000003], ["La0.1Ba0.9!@#$%^Co0.7Fe0.3", -0.9753369092941284, 0.10584323147025644, -0.6020599913279624, 0.25], ["Pr0.6Sr0.4!@#$%^Fe0.8Ni0.2", -0.32524749636650085, 0.472881695655616, -0.20760831050174613, 0.62], ["Bi0.5Sr0.5!@#$%^Fe0.95Nb0.05", -1.0348472595214844, 0.09228959506972191, -1.0757207139381184, 0.08399999999999999]], "val_mse": 0.14900263800575278, "val_mse_p": 0.16114314161595752, "val_mse_std": 0.20356386213140057, "val_mse_std_p": 0.7918355787515917}