{"train_mse": 0.05095309224129708, "train_mse_p": 0.010159769627651812, "train_preds": [["Ba0.5Sr0.5!@#$%^Fe0.9Cu0.1", -2.059941053390503, 0.0087108181350513, -1.7695510786217261, 0.016999999999999998], ["Bi0.5Sr0.5!@#$%^Fe0.9Nb0.1", -1.2935330867767334, 0.05087060623365098, -1.4202164033831899, 0.038], ["Sr1.0!@#$%^Nb0.1Co0.9", -1.9305535554885864, 0.011734009743727515, -1.744727494896694, 0.018], ["Sr1.0!@#$%^Fe0.85Ti0.15", -1.2916005849838257, 0.051097472078401894, -0.744727494896694, 0.17999999999999997], ["Sr1.0!@#$%^Fe0.95Ti0.05", -1.3332276344299316, 0.04642718644323379, -0.6575773191777937, 0.22000000000000003], ["La0.1Bi0.7Sr0.2!@#$%^Fe1.0", -1.1121443510055542, 0.07724238038338298, -1.0, 0.1], ["Sm0.5Sr0.5!@#$%^Co1.0", -0.9252626299858093, 0.11877837242637564, -0.7958800173440752, 0.16], ["Sr1.0!@#$%^Ti0.5Fe0.5", -1.0988847017288208, 0.07963707461102221, -0.8996294548824371, 0.126], ["Sr1.0!@#$%^Ti0.1Fe0.9", -1.3259761333465576, 0.047208898420106955, -1.6777807052660807, 0.021], ["Nd0.1Ba0.9!@#$%^Co0.7Fe0.3", -1.267695665359497, 0.053988882053709886, -1.0457574905606752, 0.08999999999999998], ["Ba0.5Sr0.5!@#$%^Fe0.9Nb0.1", -1.3164342641830444, 0.048257601835389706, -1.0861861476162833, 0.082], ["Sr1.0!@#$%^Nb0.1Fe0.9", -1.109866976737976, 0.07764849155035972, -1.2218487496163564, 0.06], ["La0.5Sr0.5!@#$%^Fe1.0", -0.20806416869163513, 0.6193495570202101, -0.10237290870955855, 0.79], ["Pr0.6Sr0.4!@#$%^Fe0.7Ni0.2Mo0.1", -0.16673064231872559, 0.6811917157354734, -0.045757490560675115, 0.9], ["Pr0.8Ca0.2!@#$%^Fe0.8Ni0.2", -0.16514137387275696, 0.6836890529200895, -0.27572413039921095, 0.53], ["Sr1.0!@#$%^Nb0.2Fe0.8", -1.3524017333984375, 0.044422016245273636, -1.0705810742857071, 0.08500000000000002], ["Pr0.9Ca0.1!@#$%^Fe0.8Ni0.2", -0.0702381357550621, 0.8506714634502429, -0.1549019599857432, 0.7], ["Ba0.5Sr0.5!@#$%^Co0.8Fe0.2", -1.9973578453063965, 0.010061023298234448, -1.744727494896694, 0.018], ["La0.8Sr0.2!@#$%^Fe1.0", 0.047414630651474, 1.115358883493914, -0.09691001300805639, 0.8], ["La0.1Ba0.9!@#$%^Co0.7Fe0.3", -1.2530158758163452, 0.05584497799985275, -0.6020599913279624, 0.25], ["Ba1.0!@#$%^Co1.0", -1.5786675214767456, 0.026383504286727397, -1.2218487496163564, 0.06], ["La0.4Sr0.6!@#$%^Co0.8Fe0.2", -1.583799123764038, 0.0260735926507864, -1.4436974992327127, 0.036], ["La0.2Ba0.8!@#$%^Co0.7Fe0.3", -0.978898286819458, 0.1049788263690124, -0.6575773191777937, 0.22000000000000003], ["Pr0.6Sr0.4!@#$%^Fe0.8Ni0.2", -0.34914571046829224, 0.4475631167450739, -0.20760831050174613, 0.62], ["Sr1.0!@#$%^Sc0.175Nb0.025Co0.8", -2.377296209335327, 0.004194727861626394, -2.070581074285707, 0.008500000000000002], ["Pr1.0!@#$%^Fe0.8Ni0.2", 0.039382271468639374, 1.094919704342258, -0.017728766960431602, 0.96], ["Ba0.5Sr0.5!@#$%^Fe0.9Sb0.1", -1.2746479511260986, 0.05313149655721348, -0.9208187539523752, 0.11999999999999998], ["Ba0.5Sr0.5!@#$%^Zn0.2Fe0.8", -0.7348546981811523, 0.18413879712298262, -0.638272163982407, 0.23000000000000004], ["Sr1.0!@#$%^Nb0.1Co0.6Fe0.3", -2.1908390522003174, 0.006444080363120885, -1.7695510786217261, 0.016999999999999998], ["Sr1.0!@#$%^Fe0.9Ti0.1", -1.3259761333465576, 0.047208898420106955, -1.4559319556497243, 0.035], ["Sr1.0!@#$%^Fe1.0", -1.3335834741592407, 0.046389161849576165, -1.1426675035687315, 0.07200000000000001], ["Ba1.0!@#$%^Nb0.05Fe0.95", -1.7032363414764404, 0.019804489793704853, -1.585026652029182, 0.026000000000000002], ["Bi0.5Sr0.5!@#$%^Fe1.0", -1.0604122877120972, 0.08701371525758352, -0.9208187539523752, 0.11999999999999998], ["Sr1.0!@#$%^Sc0.175Nb0.025Fe0.8", -1.5242985486984253, 0.029902083596688184, -1.3979400086720375, 0.04000000000000001], ["Bi0.5Sr0.5!@#$%^Fe0.85Nb0.15", -1.309108018875122, 0.04907857914271939, -1.1135092748275182, 0.077], ["Ba0.7La0.3!@#$%^Fe1.0", -0.49919337034225464, 0.3168156521980549, -0.3979400086720376, 0.4], ["Sr1.0!@#$%^Fe0.9Hf0.1", -1.5045108795166016, 0.03129602070880298, -1.431798275933005, 0.037], ["Ba1.0!@#$%^Fe0.85Cu0.15", -0.48206213116645813, 0.32956256082756114, -0.4559319556497244, 0.35], ["La0.4Sr0.6!@#$%^Ni0.2Fe0.8", -0.41203945875167847, 0.3872224614004724, -0.3010299956639812, 0.5], ["Sr1.0!@#$%^Sc0.2Co0.8", -2.100278377532959, 0.007938192430376271, -1.7212463990471711, 0.018999999999999996], ["Pr0.1Ba0.9!@#$%^Co0.7Fe0.3", -1.2770516872406006, 0.052838236299186686, -1.585026652029182, 0.026000000000000002], ["Pr0.5Ba0.5!@#$%^Co1.0", -1.1997078657150269, 0.06313819095815706, -1.0969100130080565, 0.07999999999999999], ["La0.5Sr0.5!@#$%^Co1.0", -1.5994226932525635, 0.025152276971717038, -1.4559319556497243, 0.035], ["Sr1.0!@#$%^Nb0.1Co0.4Fe0.5", -1.9300609827041626, 0.011747325899149317, -1.6197887582883939, 0.024000000000000007], ["Ba0.8La0.2!@#$%^Fe1.0", -0.39055028557777405, 0.40686442154349545, -0.3010299956639812, 0.5], ["La0.6Sr0.4!@#$%^Co0.2Fe0.8", -0.9000846743583679, 0.12586799831395937, -0.9208187539523752, 0.11999999999999998], ["La0.5Bi0.3Sr0.2!@#$%^Fe1.0", -0.6902369260787964, 0.20406243937065624, -0.6989700043360187, 0.20000000000000004], ["La0.5Sr0.5!@#$%^Fe0.8Cu0.15Nb0.05", -0.4257426857948303, 0.3751952350231412, -0.4559319556497244, 0.35], ["La0.6Bi0.2Sr0.2!@#$%^Fe1.0", -0.39059939980506897, 0.406818411974811, -0.4559319556497244, 0.35], ["Sr1.0!@#$%^Fe0.9Nb0.1", -1.109866976737976, 0.07764849155035972, -0.5376020021010439, 0.29], ["Pr0.2Ba0.8!@#$%^Co0.7Fe0.3", -1.0194432735443115, 0.09562175856053062, -1.0457574905606752, 0.08999999999999998], ["Bi0.4Sr0.6!@#$%^Co0.3Fe0.7", -0.628571629524231, 0.23519515467970262, -0.619788758288394, 0.24], ["Ba1.0!@#$%^Ce0.1Fe0.6Co0.3", -1.4795551300048828, 0.03314704897707811, -1.3098039199714864, 0.048999999999999995], ["Sr1.0!@#$%^Co1.0", -1.0684220790863037, 0.08542361003131604, -0.958607314841775, 0.11], ["Pr0.7Ca0.3!@#$%^Fe0.8Ni0.2", -0.34354785084724426, 0.4533693424992753, -0.2924298239020636, 0.51], ["Nd0.2Sr0.8!@#$%^Co1.0", -1.4802767038345337, 0.03309202137407813, -1.3872161432802645, 0.040999999999999995], ["Ba0.6La0.4!@#$%^Fe1.0", -0.773095428943634, 0.1686182474301853, -0.721246399047171, 0.19], ["Sm0.5Sr0.5!@#$%^Fe0.8Cu0.2", -1.1309401988983154, 0.07397071235904219, -1.0757207139381184, 0.08399999999999999], ["Ba0.5Sr0.5!@#$%^Fe0.8Cu0.1Ti0.1", -1.7435708045959473, 0.01804800470013705, -1.6989700043360187, 0.020000000000000004], ["Pr0.6Ca0.4!@#$%^Fe0.8Ni0.2", -0.34647029638290405, 0.45032878051946706, -0.3098039199714863, 0.49000000000000005], ["Bi0.5Sr0.5!@#$%^Fe0.95Nb0.05", -1.1808451414108276, 0.06594089821386333, -1.0757207139381184, 0.08399999999999999], ["La0.3Bi0.5Sr0.2!@#$%^Fe1.0", -0.9958444833755493, 0.10096143544215336, -1.0, 0.1], ["La0.7Sr0.3!@#$%^Mn1.0", 0.36745280027389526, 2.330519817395297, 0.38021124171160603, 2.4], ["Sr1.0!@#$%^Ti0.65Fe0.35", -1.0499651432037354, 0.0891322473463793, -0.9625735020593764, 0.10899999999999999], ["Ba0.95Ca0.05!@#$%^Fe0.95In0.05", -1.5868561267852783, 0.025890704811940887, -1.4202164033831899, 0.038], ["La0.5Sr0.5!@#$%^Fe0.8Cu0.2", -0.6164390444755554, 0.24185827749761937, -0.6020599913279624, 0.25], ["La1.0!@#$%^Co1.0", 0.5704899430274963, 3.7195460769636832, 0.5105450102066121, 3.2399999999999998], ["Ba1.0!@#$%^Co0.7Fe0.2Nb0.1", -1.5625905990600586, 0.027378484265265114, -1.3098039199714864, 0.048999999999999995], ["Pr0.5Sr0.5!@#$%^Fe0.8Cu0.2", -0.8072376847267151, 0.1558699209936345, -0.8239087409443188, 0.15], ["Ba0.5Sr0.5!@#$%^Fe1.0", -0.7240625023841858, 0.18877196544868213, -0.6716203965612623, 0.213]], "val_mse": 0.18821431789295479, "val_mse_p": 0.18263455993525815, "val_mse_std": 0.31532761020213035, "val_mse_std_p": 0.8998998723099102}