{
    "train_mse": 0.02116281227572136,
    "train_mse_p": 0.006163250865081028,
    "train_preds": [
        [
            "La0.2Ba0.8!@#$%^Co0.7Fe0.3",
            -0.6265888214111328,
            0.23627141301430699,
            -0.6575773191777937,
            0.22000000000000003
        ],
        [
            "Ba1.0!@#$%^Fe0.85Cu0.15",
            -0.434001624584198,
            0.36812759656909455,
            -0.4559319556497244,
            0.35
        ],
        [
            "Ba1.0!@#$%^Co1.0",
            -1.2483707666397095,
            0.056445488165253146,
            -1.2218487496163564,
            0.06
        ],
        [
            "Ba0.5Sr0.5!@#$%^Fe0.8Cu0.1Ti0.1",
            -1.7850768566131592,
            0.016402994655340168,
            -1.6989700043360187,
            0.020000000000000004
        ],
        [
            "Sr1.0!@#$%^Ti0.5Fe0.5",
            -0.8725618124008179,
            0.13410290554191603,
            -0.8996294548824371,
            0.126
        ],
        [
            "La1.0!@#$%^Co1.0",
            0.5396097898483276,
            3.4642545005546324,
            0.5105450102066121,
            3.2399999999999998
        ],
        [
            "La0.7Sr0.3!@#$%^Mn1.0",
            0.4623924791812897,
            2.8999631490147486,
            0.38021124171160603,
            2.4
        ],
        [
            "Ba1.0!@#$%^Ce0.1Fe0.6Co0.3",
            -1.3029580116271973,
            0.04977852094232244,
            -1.3098039199714864,
            0.048999999999999995
        ],
        [
            "Pr0.6Sr0.4!@#$%^Fe0.8Ni0.2",
            -0.26764339208602905,
            0.5399538074426189,
            -0.20760831050174613,
            0.62
        ],
        [
            "Pr0.7Ca0.3!@#$%^Fe0.8Ni0.2",
            -0.2713940441608429,
            0.5353107388523799,
            -0.2924298239020636,
            0.51
        ],
        [
            "Pr0.2Ba0.8!@#$%^Co0.7Fe0.3",
            -1.0778298377990723,
            0.0835930482460723,
            -1.0457574905606752,
            0.08999999999999998
        ],
        [
            "Pr0.1Ba0.9!@#$%^Co0.7Fe0.3",
            -1.0416498184204102,
            0.09085528218392326,
            -1.585026652029182,
            0.026000000000000002
        ],
        [
            "Sr1.0!@#$%^Sc0.175Nb0.025Fe0.8",
            -1.401882529258728,
            0.03963852365632219,
            -1.3979400086720375,
            0.04000000000000001
        ],
        [
            "Bi0.5Sr0.5!@#$%^Fe0.95Nb0.05",
            -1.154721736907959,
            0.07002905455616033,
            -1.0757207139381184,
            0.08399999999999999
        ],
        [
            "Ba0.5Sr0.5!@#$%^Co0.8Fe0.2",
            -1.7109012603759766,
            0.019458024219435408,
            -1.744727494896694,
            0.018
        ],
        [
            "La0.4Sr0.6!@#$%^Co0.8Fe0.2",
            -1.4720783233642578,
            0.033722648565550684,
            -1.4436974992327127,
            0.036
        ],
        [
            "Pr0.8Ca0.2!@#$%^Fe0.8Ni0.2",
            -0.28365734219551086,
            0.5204064346224235,
            -0.27572413039921095,
            0.53
        ],
        [
            "Ba0.95Ca0.05!@#$%^Fe0.95In0.05",
            -1.4379860162734985,
            0.03647656917249646,
            -1.4202164033831899,
            0.038
        ],
        [
            "La0.1Ba0.9!@#$%^Co0.7Fe0.3",
            -0.7725133895874023,
            0.16884438028401208,
            -0.6020599913279624,
            0.25
        ],
        [
            "Sr1.0!@#$%^Fe1.0",
            -1.1218829154968262,
            0.07552958257321024,
            -1.1426675035687315,
            0.07200000000000001
        ],
        [
            "Sr1.0!@#$%^Fe0.85Ti0.15",
            -1.1163475513458252,
            0.07649841706463363,
            -0.744727494896694,
            0.17999999999999997
        ],
        [
            "Sr1.0!@#$%^Fe0.95Ti0.05",
            -1.120016098022461,
            0.07585494573048544,
            -0.6575773191777937,
            0.22000000000000003
        ],
        [
            "Sr1.0!@#$%^Ti0.65Fe0.35",
            -0.9928022623062134,
            0.10167115042472434,
            -0.9625735020593764,
            0.10899999999999999
        ],
        [
            "La0.5Sr0.5!@#$%^Co1.0",
            -1.5042086839675903,
            0.031317805027357586,
            -1.4559319556497243,
            0.035
        ],
        [
            "Bi0.5Sr0.5!@#$%^Fe0.9Nb0.1",
            -1.3768267631530762,
            0.041992645613512625,
            -1.4202164033831899,
            0.038
        ],
        [
            "La0.8Sr0.2!@#$%^Fe1.0",
            -0.0824299156665802,
            0.8271229748855841,
            -0.09691001300805639,
            0.8
        ],
        [
            "La0.6Bi0.2Sr0.2!@#$%^Fe1.0",
            -0.47620105743408203,
            0.334040359621441,
            -0.4559319556497244,
            0.35
        ],
        [
            "Ba0.5Sr0.5!@#$%^Fe1.0",
            -0.6625279188156128,
            0.21750642045468516,
            -0.6716203965612623,
            0.213
        ],
        [
            "Sr1.0!@#$%^Nb0.1Co0.6Fe0.3",
            -1.831396222114563,
            0.014743608083267846,
            -1.7695510786217261,
            0.016999999999999998
        ],
        [
            "Pr0.6Sr0.4!@#$%^Fe0.7Ni0.2Mo0.1",
            -0.08590835332870483,
            0.8205246766736202,
            -0.045757490560675115,
            0.9
        ],
        [
            "Sr1.0!@#$%^Sc0.175Nb0.025Co0.8",
            -2.0707318782806396,
            0.008497048980623296,
            -2.070581074285707,
            0.008500000000000002
        ],
        [
            "Bi0.5Sr0.5!@#$%^Fe0.85Nb0.15",
            -1.043801188468933,
            0.09040632415012419,
            -1.1135092748275182,
            0.077
        ],
        [
            "Sr1.0!@#$%^Sc0.2Co0.8",
            -1.738189458847046,
            0.01827302890277569,
            -1.7212463990471711,
            0.018999999999999996
        ],
        [
            "Bi0.4Sr0.6!@#$%^Co0.3Fe0.7",
            -0.7100549340248108,
            0.19495979789926318,
            -0.619788758288394,
            0.24
        ],
        [
            "Pr0.5Ba0.5!@#$%^Co1.0",
            -1.1788681745529175,
            0.06624175429520361,
            -1.0969100130080565,
            0.07999999999999999
        ],
        [
            "La0.5Sr0.5!@#$%^Fe1.0",
            -0.1648465096950531,
            0.684153401123616,
            -0.10237290870955855,
            0.79
        ],
        [
            "Sr1.0!@#$%^Ti0.1Fe0.9",
            -1.1183197498321533,
            0.0761518134939882,
            -1.6777807052660807,
            0.021
        ],
        [
            "Ba0.5Sr0.5!@#$%^Zn0.2Fe0.8",
            -0.5888060331344604,
            0.2577472063981309,
            -0.638272163982407,
            0.23000000000000004
        ],
        [
            "Ba1.0!@#$%^Nb0.05Fe0.95",
            -1.651145339012146,
            0.022328248707889683,
            -1.585026652029182,
            0.026000000000000002
        ],
        [
            "La0.3Bi0.5Sr0.2!@#$%^Fe1.0",
            -1.0587677955627441,
            0.08734382452064689,
            -1.0,
            0.1
        ],
        [
            "La0.6Sr0.4!@#$%^Co0.2Fe0.8",
            -1.0037448406219482,
            0.09914142556452654,
            -0.9208187539523752,
            0.11999999999999998
        ],
        [
            "Sr1.0!@#$%^Nb0.1Fe0.9",
            -0.9761919975280762,
            0.1056350403337441,
            -1.2218487496163564,
            0.06
        ],
        [
            "Pr0.5Sr0.5!@#$%^Fe0.8Cu0.2",
            -0.8052623271942139,
            0.15658049901425264,
            -0.8239087409443188,
            0.15
        ],
