{"mse_train": 0.18679961170944545, "mse_train_p": 0.2047920819686316, "mse_val": 0.20712374469985587, "mse_val_p": 0.21628562554048125, "mse_val_std": 0.21294965114669298, "mse_val_std_p": 1.0743891626003483, "train_preds": [["La0.5Sr0.5!@#$%^Co1.0", -1.4559319556497243, 0.035, -0.8133279155910998, 0.1536993689523775], ["Sr1.0!@#$%^Ti0.1Fe0.9", -1.6777807052660807, 0.021, -1.2354588440623302, 0.058148853448673724], ["Sr1.0!@#$%^Fe0.9Nb0.1", -0.5376020021010439, 0.29, -1.1935829393846158, 0.06403494791555754], ["Sr1.0!@#$%^Nb0.1Co0.6Fe0.3", -1.7695510786217261, 0.016999999999999998, -1.226675114149607, 0.05933690445131389], ["Ba0.7La0.3!@#$%^Fe1.0", -0.3979400086720376, 0.4, -0.9037253477901357, 0.12481726216496454], ["La0.2Ba0.8!@#$%^Co0.7Fe0.3", -0.6575773191777937, 0.22000000000000003, -1.0372921684661718, 0.0917715002646936], ["Sm0.5Sr0.5!@#$%^Co1.0", -0.7958800173440752, 0.16, -0.8118746265645995, 0.15421455799138795], ["La0.5Sr0.5!@#$%^Fe0.8Cu0.15Nb0.05", -0.4559319556497244, 0.35, -0.7622537097101003, 0.17288061160308682], ["Pr0.6Sr0.4!@#$%^Fe0.8Ni0.2", -0.20760831050174613, 0.62, -0.6699259508618542, 0.21383266526134892], ["Ba0.5Sr0.5!@#$%^Co0.8Fe0.2", -1.744727494896694, 0.018, -1.2774640476447687, 0.05278809047263227], ["Nd0.2Sr0.8!@#$%^Co1.0", -1.3872161432802645, 0.040999999999999995, -1.124096332380542, 0.07514561923998597], ["La0.5Sr0.5!@#$%^Fe0.8Cu0.2", -0.6020599913279624, 0.25, -0.8206688059913554, 0.151123218410913], ["La0.6Sr0.4!@#$%^Co0.2Fe0.8", -0.9208187539523752, 0.11999999999999998, -0.6638063742741578, 0.21686707688616289], ["La0.4Sr0.6!@#$%^Ni0.2Fe0.8", -0.3010299956639812, 0.5, -0.8801901232445037, 0.13176797650818908], ["Pr0.2Ba0.8!@#$%^Co0.7Fe0.3", -1.0457574905606752, 0.08999999999999998, -1.0367086547117041, 0.09189488641303659], ["La0.1Bi0.7Sr0.2!@#$%^Fe1.0", -1.0, 0.1, -0.4677225347819566, 0.3406257416498555], ["Sm0.5Sr0.5!@#$%^Fe0.8Cu0.2", -1.0757207139381184, 0.08399999999999999, -0.8186637162666992, 0.15182255077091353], ["Ba1.0!@#$%^Co1.0", -1.2218487496163564, 0.06, -1.2430550017404665, 0.0571406265664041], ["Sr1.0!@#$%^Sc0.2Co0.8", -1.7212463990471711, 0.018999999999999996, -1.0941008764394744, 0.08051913923688665], ["Ba0.5Sr0.5!@#$%^Fe0.9Cu0.1", -1.7695510786217261, 0.016999999999999998, -1.083862511295835, 0.08243990614994509], ["Ba1.0!@#$%^Ce0.1Fe0.6Co0.3", -1.3098039199714864, 0.048999999999999995, -1.1334734236963275, 0.07354049966194136], ["Sr1.0!@#$%^Fe0.95Ti0.05", -0.6575773191777937, 0.22000000000000003, -1.2570414009135358, 0.055329736134750694], ["Ba0.5Sr0.5!@#$%^Fe0.9Sb0.1", -0.9208187539523752, 0.11999999999999998, -1.1698569472195413, 0.06763057078554503], ["Bi0.5Sr0.5!@#$%^Fe1.0", -0.9208187539523752, 0.11999999999999998, -0.7737185708545116, 0.16837648117265716], ["Pr0.5Ba0.5!@#$%^Co1.0", -1.0969100130080565, 0.07999999999999999, -0.767174189595168, 0.17093295887900686], ["Nd0.1Ba0.9!@#$%^Co0.7Fe0.3", -1.0457574905606752, 0.08999999999999998, -1.1319479528819245, 0.07379926680246239], ["Bi0.5Sr0.5!@#$%^Fe0.85Nb0.15", -1.1135092748275182, 0.077, -0.6461354041010031, 0.22587314343509016], ["Bi0.5Sr0.5!@#$%^Fe0.9Nb0.1", -1.4202164033831899, 0.038, -0.6886632559683976, 0.2048032027962351], ["Sr1.0!@#$%^Ti0.65Fe0.35", -0.9625735020593764, 0.10899999999999999, -0.9980312063945678, 0.10045436058235495], ["Pr0.7Ca0.3!@#$%^Fe0.8Ni0.2", -0.2924298239020636, 0.51, -0.5797554940079399, 0.26317492387944963], ["Sr1.0!@#$%^Fe0.9Hf0.1", -1.431798275933005, 0.037, -1.2230467971024357, 0.05983471171054716], ["Bi0.5Sr0.5!@#$%^Fe0.95Nb0.05", -1.0757207139381184, 0.08399999999999999, -0.7311909782533126, 0.18569876769251298], ["Ba1.0!@#$%^Fe0.85Cu0.15", -0.4559319556497244, 0.35, -0.9648046438317931, 0.10844146002572735], ["Sr1.0!@#$%^Fe0.85Ti0.15", -0.744727494896694, 0.17999999999999997, -1.2138759904285294, 0.06111164997829233], ["Ba0.6La0.4!@#$%^Fe1.0", -0.721246399047171, 0.19, -0.8080991515201608, 0.1555610437711433], ["Ba0.5Sr0.5!@#$%^Zn0.2Fe0.8", -0.638272163982407, 0.23000000000000004, -0.9265287481803958, 0.11843259677890414], ["Pr0.5Sr0.5!@#$%^Fe0.8Cu0.2", -0.8239087409443188, 0.15, -0.818966521895046, 0.15171673155927218], ["Pr0.9Ca0.1!@#$%^Fe0.8Ni0.2", -0.1549019599857432, 0.7, -0.3611741487394772, 0.4353372717907175], ["Sr1.0!@#$%^Fe0.9Ti0.1", -1.4559319556497243, 0.035, -1.2354588440623302, 0.058148853448673724], ["La0.3Bi0.5Sr0.2!@#$%^Fe1.0", -1.0, 0.1, -0.460845983321497, 0.34606208231551144], ["Ba0.5Sr0.5!@#$%^Fe0.9Nb0.1", -1.0861861476162833, 0.082, -1.1496733001233799, 0.07084785399790991], ["Ba0.95Ca0.05!@#$%^Fe0.95In0.05", -1.4202164033831899, 0.038, -1.1745250266457756, 0.066907526281621], ["Sr1.0!@#$%^Nb0.1Fe0.9", -1.2218487496163564, 0.06, -1.1935829393846158, 0.06403494791555754], ["La0.1Ba0.9!@#$%^Co0.7Fe0.3", -0.6020599913279624, 0.25, -1.13244412450999, 0.07371500095350042], ["Sr1.0!@#$%^Fe1.0", -1.1426675035687315, 0.07200000000000001, -1.27862366063794, 0.052647328599811444], ["Pr1.0!@#$%^Fe0.8Ni0.2", -0.017728766960431602, 0.96, -0.2518832509461172, 0.5599080983535578], ["Bi0.4Sr0.6!@#$%^Co0.3Fe0.7", -0.619788758288394, 0.24, -0.8917055898144804, 0.12832001750511365], ["Sr1.0!@#$%^Nb0.2Fe0.8", -1.0705810742857071, 0.08500000000000002, -1.108541690109885, 0.07788580444670756], ["Sr1.0!@#$%^Nb0.1Co0.9", -1.744727494896694, 0.018, -1.2430098150711855, 0.05714657213797067], ["La0.7Sr0.3!@#$%^Mn1.0", 0.38021124171160603, 2.4, -0.5073508676166821, 0.31092033888070736], ["Ba1.0!@#$%^Nb0.05Fe0.95", -1.585026652029182, 0.026000000000000002, -1.1482684714071183, 0.07107739927861423], ["Sr1.0!@#$%^Ti0.5Fe0.5", -0.8996294548824371, 0.126, -1.062787733881267, 0.08653907845199722], ["Sr1.0!@#$%^Sc0.175Nb0.025Fe0.8", -1.3979400086720375, 0.04000000000000001, -1.0794682461583753, 0.08327828134428315], ["Ba0.5Sr0.5!@#$%^Fe0.8Cu0.1Ti0.1", -1.6989700043360187, 0.020000000000000004, -1.040709810747522, 0.09105214666095222], ["La0.5Sr0.5!@#$%^Fe1.0", -0.10237290870955855, 0.79, -0.7567425294097004, 0.17508843892036963], ["Sr1.0!@#$%^Sc0.175Nb0.025Co0.8", -2.070581074285707, 0.008500000000000002, -1.1243411273326673, 0.07510327450466245], ["Ba0.8La0.2!@#$%^Fe1.0", -0.3010299956639812, 0.5, -0.9993798616997306, 0.10014289411706988], ["La0.4Sr0.6!@#$%^Co0.8Fe0.2", -1.4436974992327127, 0.036, -0.9060778884542907, 0.124142964368278], ["Ba1.0!@#$%^Co0.7Fe0.2Nb0.1", -1.3098039199714864, 0.048999999999999995, -1.143128135904095, 0.07192367403382759], ["La1.0!@#$%^Co1.0", 0.5105450102066121, 3.2399999999999998, -0.29360371906297833, 0.5086233347127274], ["Ba0.5Sr0.5!@#$%^Fe1.0", -0.6716203965612623, 0.213, -1.2346984012165432, 0.05825076037433961], ["Sr1.0!@#$%^Co1.0", -0.958607314841775, 0.11, -1.3328407587240299, 0.04646856286834524], ["Pr0.8Ca0.2!@#$%^Fe0.8Ni0.2", -0.27572413039921095, 0.53, -0.47046489630069116, 0.33848162997851994], ["La0.8Sr0.2!@#$%^Fe1.0", -0.09691001300805639, 0.8, -0.4436546046703519, 0.36003555837274304], ["Sr1.0!@#$%^Nb0.1Co0.4Fe0.5", -1.6197887582883939, 0.024000000000000007, -1.215706152199218, 0.060854661047146937], ["Pr0.6Ca0.4!@#$%^Fe0.8Ni0.2", -0.3098039199714863, 0.49000000000000005, -0.6890459422381348, 0.20462281631611826], ["Pr0.1Ba0.9!@#$%^Co0.7Fe0.3", -1.585026652029182, 0.026000000000000002, -1.1321525212550037, 0.07376451287047289], ["La0.5Bi0.3Sr0.2!@#$%^Fe1.0", -0.6989700043360187, 0.20000000000000004, -0.45396943186103944, 0.3515851862413055], ["La0.6Bi0.2Sr0.2!@#$%^Fe1.0", -0.4559319556497244, 0.35, -0.4505311561308105, 0.35437970629566073], ["Pr0.6Sr0.4!@#$%^Fe0.7Ni0.2Mo0.1", -0.045757490560675115, 0.9, -0.5877189683320486, 0.2583931710233271]]}