{"mse_train": 0.10940455706242269, "mse_train_p": 0.08982125224351822, "mse_val": 0.14454408642962335, "mse_val_p": 0.12917980827795236, "mse_val_std": 0.18444199553109264, "mse_val_std_p": 0.6787528233517028, "train_preds": [["Sr1.0!@#$%^Nb0.1Co0.4Fe0.5", -1.6197887582883939, 0.024000000000000007, -1.326889749969805, 0.04710969039141767], ["Pr0.1Ba0.9!@#$%^Co0.7Fe0.3", -1.585026652029182, 0.026000000000000002, -1.1721305877175543, 0.06727743298034754], ["Pr0.6Sr0.4!@#$%^Fe0.8Ni0.2", -0.20760831050174613, 0.62, -0.4306138960858546, 0.371010417236851], ["Bi0.5Sr0.5!@#$%^Fe0.9Nb0.1", -1.4202164033831899, 0.038, -1.1091292210526356, 0.07778050865600107], ["La0.2Ba0.8!@#$%^Co0.7Fe0.3", -0.6575773191777937, 0.22000000000000003, -1.0104615731834603, 0.09761991537009462], ["Sr1.0!@#$%^Fe0.9Nb0.1", -0.5376020021010439, 0.29, -1.1346846008730154, 0.07333569280366066], ["Ba0.5Sr0.5!@#$%^Fe1.0", -0.6716203965612623, 0.213, -1.0310165320727862, 0.09310724321204414], ["La0.4Sr0.6!@#$%^Ni0.2Fe0.8", -0.3010299956639812, 0.5, -0.5847989296501737, 0.26013636678921304], ["Sr1.0!@#$%^Nb0.1Fe0.9", -1.2218487496163564, 0.06, -1.1346846008730154, 0.07333569280366066], ["Ba0.8La0.2!@#$%^Fe1.0", -0.3010299956639812, 0.5, -0.711670621230047, 0.194235844773964], ["Pr0.6Sr0.4!@#$%^Fe0.7Ni0.2Mo0.1", -0.045757490560675115, 0.9, -0.29960174545228085, 0.5016470406234277], ["Sr1.0!@#$%^Ti0.5Fe0.5", -0.8996294548824371, 0.126, -0.9969712407958154, 0.10069983505931512], ["La0.5Sr0.5!@#$%^Fe0.8Cu0.15Nb0.05", -0.4559319556497244, 0.35, -0.6711286799165098, 0.21324129931175292], ["La0.1Ba0.9!@#$%^Co0.7Fe0.3", -0.6020599913279624, 0.25, -1.1561514148447938, 0.06979890108779586], ["Sr1.0!@#$%^Fe1.0", -1.1426675035687315, 0.07200000000000001, -1.1265123531952108, 0.07472873778352022], ["Sr1.0!@#$%^Fe0.95Ti0.05", -0.6575773191777937, 0.22000000000000003, -1.113566063690749, 0.07698993204663902], ["La0.5Sr0.5!@#$%^Fe1.0", -0.10237290870955855, 0.79, -0.4744856620809052, 0.3353623760147713], ["Sr1.0!@#$%^Sc0.175Nb0.025Co0.8", -2.070581074285707, 0.008500000000000002, -1.903102927720435, 0.012499627541442666], ["Sr1.0!@#$%^Sc0.2Co0.8", -1.7212463990471711, 0.018999999999999996, -1.9275494905622055, 0.011815456603827533], ["La0.1Bi0.7Sr0.2!@#$%^Fe1.0", -1.0, 0.1, -0.9624575493712122, 0.10902910589683963], ["Ba1.0!@#$%^Fe0.85Cu0.15", -0.4559319556497244, 0.35, -0.8964102716612241, 0.1269374379158558], ["Sm0.5Sr0.5!@#$%^Co1.0", -0.7958800173440752, 0.16, -0.9126293453864898, 0.12228428670369904], ["Pr0.6Ca0.4!@#$%^Fe0.8Ni0.2", -0.3098039199714863, 0.49000000000000005, -0.4584793116234253, 0.3479530826074403], ["Ba1.0!@#$%^Co0.7Fe0.2Nb0.1", -1.3098039199714864, 0.048999999999999995, -1.2723067772474046, 0.053418688677702095], ["Sr1.0!@#$%^Fe0.9Ti0.1", -1.4559319556497243, 0.035, -1.1006180306511864, 0.07931986554261307], ["La1.0!@#$%^Co1.0", 0.5105450102066121, 3.2399999999999998, 0.14622175433885992, 1.4003021458668767], ["Sr1.0!@#$%^Sc0.175Nb0.025Fe0.8", -1.3979400086720375, 0.04000000000000001, -1.4680820043103073, 0.034034391924702916], ["Sr1.0!@#$%^Co1.0", -0.958607314841775, 0.11, -1.6592918873421756, 0.021913316562936998], ["La0.3Bi0.5Sr0.2!@#$%^Fe1.0", -1.0, 0.1, -0.7113293327451619, 0.1943885441836938], ["Ba0.6La0.4!@#$%^Fe1.0", -0.721246399047171, 0.19, -0.4884810898699069, 0.32472738119924927], ["Sr1.0!@#$%^Ti0.65Fe0.35", -0.9625735020593764, 0.10899999999999999, -0.9580751693438467, 0.11013486674192115], ["Ba1.0!@#$%^Co1.0", -1.2218487496163564, 0.06, -1.4569443004526257, 0.03491850966247227], ["Bi0.5Sr0.5!@#$%^Fe0.95Nb0.05", -1.0757207139381184, 0.08399999999999999, -1.105086295299716, 0.07850796220069658], ["Bi0.5Sr0.5!@#$%^Fe0.85Nb0.15", -1.1135092748275182, 0.077, -1.113171386417765, 0.07705993060527154], ["Ba1.0!@#$%^Ce0.1Fe0.6Co0.3", -1.3098039199714864, 0.048999999999999995, -1.3401452424049585, 0.04569353498007076], ["La0.6Bi0.2Sr0.2!@#$%^Fe1.0", -0.4559319556497244, 0.35, -0.3346370078061851, 0.46276765044987295], ["Sr1.0!@#$%^Nb0.2Fe0.8", -1.0705810742857071, 0.08500000000000002, -1.1428537501301566, 0.07196912952382366], ["Bi0.5Sr0.5!@#$%^Fe1.0", -0.9208187539523752, 0.11999999999999998, -1.1010426085650078, 0.07924235821104943], ["Bi0.4Sr0.6!@#$%^Co0.3Fe0.7", -0.619788758288394, 0.24, -1.2069561367840334, 0.06209317444163136], ["Ba0.5Sr0.5!@#$%^Fe0.9Sb0.1", -0.9208187539523752, 0.11999999999999998, -1.0327833493813123, 0.09272922937908043], ["Pr1.0!@#$%^Fe0.8Ni0.2", -0.017728766960431602, 0.96, 0.00469281583708825, 1.010864199219003], ["Ba0.95Ca0.05!@#$%^Fe0.95In0.05", -1.4202164033831899, 0.038, -1.1566966831599343, 0.06971132169489702], ["Ba0.5Sr0.5!@#$%^Co0.8Fe0.2", -1.744727494896694, 0.018, -1.4536722376703548, 0.03518258635676585], ["La0.6Sr0.4!@#$%^Co0.2Fe0.8", -0.9208187539523752, 0.11999999999999998, -0.39077566872188496, 0.40665332838920154], ["Pr0.2Ba0.8!@#$%^Co0.7Fe0.3", -1.0457574905606752, 0.08999999999999998, -1.042418116023464, 0.09069469486168777], ["La0.5Sr0.5!@#$%^Fe0.8Cu0.2", -0.6020599913279624, 0.25, -0.7305488041378967, 0.18597355624303058], ["Sr1.0!@#$%^Fe0.9Hf0.1", -1.431798275933005, 0.037, -1.3125888334761033, 0.048686792778235816], ["La0.7Sr0.3!@#$%^Mn1.0", 0.38021124171160603, 2.4, 0.028600096982115932, 1.0680709351041249], ["Sr1.0!@#$%^Fe0.85Ti0.15", -0.744727494896694, 0.17999999999999997, -1.0876682560964421, 0.0817206371261073], ["Sr1.0!@#$%^Ti0.1Fe0.9", -1.6777807052660807, 0.021, -1.1006180306511864, 0.07931986554261307], ["Pr0.7Ca0.3!@#$%^Fe0.8Ni0.2", -0.2924298239020636, 0.51, -0.34268759766509266, 0.4542682692886105], ["La0.8Sr0.2!@#$%^Fe1.0", -0.09691001300805639, 0.8, -0.08350879118017922, 0.8250707838635741], ["Ba0.5Sr0.5!@#$%^Fe0.8Cu0.1Ti0.1", -1.6989700043360187, 0.020000000000000004, -0.9780034451776438, 0.10519535288377214], ["Ba0.5Sr0.5!@#$%^Zn0.2Fe0.8", -0.638272163982407, 0.23000000000000004, -0.9952867503380722, 0.1010911762125709], ["Ba0.5Sr0.5!@#$%^Fe0.9Nb0.1", -1.0861861476162833, 0.082, -1.039280438585928, 0.09135231582766072], ["Sr1.0!@#$%^Nb0.1Co0.9", -1.744727494896694, 0.018, -1.5650903200101658, 0.027221351280998257], ["La0.5Bi0.3Sr0.2!@#$%^Fe1.0", -0.6989700043360187, 0.20000000000000004, -0.4602011161192046, 0.3465763183053223], ["Pr0.5Sr0.5!@#$%^Fe0.8Cu0.2", -0.8239087409443188, 0.15, -0.8090113090615206, 0.1552346586207948], ["Sm0.5Sr0.5!@#$%^Fe0.8Cu0.2", -1.0757207139381184, 0.08399999999999999, -0.8827850167961291, 0.1309830150893827], ["Sr1.0!@#$%^Nb0.1Co0.6Fe0.3", -1.7695510786217261, 0.016999999999999998, -1.4224486884135576, 0.03780518012166785], ["Ba1.0!@#$%^Nb0.05Fe0.95", -1.585026652029182, 0.026000000000000002, -0.9396989048439268, 0.11489499092085743], ["La0.5Sr0.5!@#$%^Co1.0", -1.4559319556497243, 0.035, -0.7571551755739538, 0.17492215714030457], ["Nd0.1Ba0.9!@#$%^Co0.7Fe0.3", -1.0457574905606752, 0.08999999999999998, -1.169477318507898, 0.06768971436712534], ["Ba0.7La0.3!@#$%^Fe1.0", -0.3979400086720376, 0.4, -0.5999927718350412, 0.25119282383510994], ["Nd0.2Sr0.8!@#$%^Co1.0", -1.3872161432802645, 0.040999999999999995, -1.3254003309078901, 0.047271531099108484], ["Pr0.8Ca0.2!@#$%^Fe0.8Ni0.2", -0.27572413039921095, 0.53, -0.2268950065779587, 0.5930686853342848], ["Pr0.9Ca0.1!@#$%^Fe0.8Ni0.2", -0.1549019599857432, 0.7, -0.11110153615032607, 0.7742807531861238], ["Ba0.5Sr0.5!@#$%^Fe0.9Cu0.1", -1.7695510786217261, 0.016999999999999998, -1.0038266710785841, 0.09912274693930957], ["La0.4Sr0.6!@#$%^Co0.8Fe0.2", -1.4436974992327127, 0.036, -0.8714535059230605, 0.13444556917799308], ["Pr0.5Ba0.5!@#$%^Co1.0", -1.0969100130080565, 0.07999999999999999, -0.7370342295016628, 0.1832170011745251]]}