{"mse_train": 0.13749698429990573, "mse_train_p": 0.14899395980219357, "mse_val": 0.16872209178326553, "mse_val_p": 0.1679242961088775, "mse_val_std": 0.1780812578028401, "mse_val_std_p": 0.8714356081936796, "train_preds": [["Pr0.7Ca0.3!@#$%^Fe0.8Ni0.2", -0.2924298239020636, 0.51, -0.49081780648650875, 0.32298488110098955], ["Sm0.5Sr0.5!@#$%^Co1.0", -0.7958800173440752, 0.16, -0.9819874458440401, 0.10423475601116199], ["La0.6Bi0.2Sr0.2!@#$%^Fe1.0", -0.4559319556497244, 0.35, -0.29746238001500513, 0.5041242860786056], ["Sr1.0!@#$%^Fe0.9Ti0.1", -1.4559319556497243, 0.035, -1.2502712175290398, 0.05619902518576861], ["Ba1.0!@#$%^Ce0.1Fe0.6Co0.3", -1.3098039199714864, 0.048999999999999995, -1.2375936219381458, 0.05786372366394542], ["La1.0!@#$%^Co1.0", 0.5105450102066121, 3.2399999999999998, -0.07887760893000506, 0.8339161623027093], ["Ba0.5Sr0.5!@#$%^Fe0.9Sb0.1", -0.9208187539523752, 0.11999999999999998, -1.0928657129098334, 0.0807484671929251], ["Sr1.0!@#$%^Fe0.9Nb0.1", -0.5376020021010439, 0.29, -1.1907395017284332, 0.06445557666651243], ["Nd0.1Ba0.9!@#$%^Co0.7Fe0.3", -1.0457574905606752, 0.08999999999999998, -1.1574636770974767, 0.0695883153549582], ["Sr1.0!@#$%^Ti0.65Fe0.35", -0.9625735020593764, 0.10899999999999999, -0.74180441757276, 0.18121560046094431], ["La0.5Sr0.5!@#$%^Co1.0", -1.4559319556497243, 0.035, -0.847338785346983, 0.14212196865613227], ["Sr1.0!@#$%^Fe0.85Ti0.15", -0.744727494896694, 0.17999999999999997, -1.2040529424168092, 0.06250964861064001], ["Sr1.0!@#$%^Sc0.175Nb0.025Co0.8", -2.070581074285707, 0.008500000000000002, -1.525909691097017, 0.029791358582533355], ["Sr1.0!@#$%^Nb0.2Fe0.8", -1.0705810742857071, 0.08500000000000002, -1.0387727038619445, 0.09145917849447577], ["La0.5Sr0.5!@#$%^Fe0.8Cu0.15Nb0.05", -0.4559319556497244, 0.35, -0.7449116280985963, 0.17992369935035932], ["La0.8Sr0.2!@#$%^Fe1.0", -0.09691001300805639, 0.8, -0.15123684163792517, 0.7059324703917099], ["Pr0.6Ca0.4!@#$%^Fe0.8Ni0.2", -0.3098039199714863, 0.49000000000000005, -0.6318965278071037, 0.23340140831332218], ["Pr0.1Ba0.9!@#$%^Co0.7Fe0.3", -1.585026652029182, 0.026000000000000002, -1.1565076701575392, 0.06974166795641916], ["La0.5Sr0.5!@#$%^Fe0.8Cu0.2", -0.6020599913279624, 0.25, -0.8947452618699121, 0.12742502812873013], ["Pr1.0!@#$%^Fe0.8Ni0.2", -0.017728766960431602, 0.96, -0.06757800574939454, 0.8558979659062119], ["Bi0.5Sr0.5!@#$%^Fe0.85Nb0.15", -1.1135092748275182, 0.077, -0.7345897007162827, 0.18425118907529248], ["La0.1Bi0.7Sr0.2!@#$%^Fe1.0", -1.0, 0.1, -0.6630262259577044, 0.2172569978834375], ["Ba1.0!@#$%^Nb0.05Fe0.95", -1.585026652029182, 0.026000000000000002, -1.0057212658162131, 0.09869126920327816], ["Sr1.0!@#$%^Fe1.0", -1.1426675035687315, 0.07200000000000001, -1.3427041620651976, 0.04542509433998792], ["Ba1.0!@#$%^Fe0.85Cu0.15", -0.4559319556497244, 0.35, -0.7995404322025712, 0.15865712045384942], ["Bi0.5Sr0.5!@#$%^Fe1.0", -0.9208187539523752, 0.11999999999999998, -0.9626260949331961, 0.10898680094638519], ["La0.7Sr0.3!@#$%^Mn1.0", 0.38021124171160603, 2.4, -0.1840923490703712, 0.6544969859876362], ["Ba0.5Sr0.5!@#$%^Co0.8Fe0.2", -1.744727494896694, 0.018, -1.427502853924648, 0.03736776697869824], ["Ba0.95Ca0.05!@#$%^Fe0.95In0.05", -1.4202164033831899, 0.038, -1.193829563410246, 0.0639985945330929], ["Ba0.8La0.2!@#$%^Fe1.0", -0.3010299956639812, 0.5, -0.8350909307394273, 0.1461871062039483], ["Pr0.8Ca0.2!@#$%^Fe0.8Ni0.2", -0.27572413039921095, 0.53, -0.34973848005475544, 0.4469526534730619], ["Bi0.5Sr0.5!@#$%^Fe0.9Nb0.1", -1.4202164033831899, 0.038, -0.8106023568327203, 0.1546669933593784], ["Sr1.0!@#$%^Nb0.1Fe0.9", -1.2218487496163564, 0.06, -1.1907395017284332, 0.06445557666651243], ["Sr1.0!@#$%^Co1.0", -0.958607314841775, 0.11, -1.6149443635643335, 0.024269209822573887], ["Sr1.0!@#$%^Nb0.1Co0.6Fe0.3", -1.7695510786217261, 0.016999999999999998, -1.3520353416597886, 0.04445950861030597], ["Pr0.6Sr0.4!@#$%^Fe0.7Ni0.2Mo0.1", -0.045757490560675115, 0.9, -0.3630122950614394, 0.43349860568396176], ["La0.6Sr0.4!@#$%^Co0.2Fe0.8", -0.9208187539523752, 0.11999999999999998, -0.4980618947348446, 0.317642134151016], ["Pr0.2Ba0.8!@#$%^Co0.7Fe0.3", -1.0457574905606752, 0.08999999999999998, -1.0453764014073668, 0.09007900877796053], ["Sr1.0!@#$%^Ti0.1Fe0.9", -1.6777807052660807, 0.021, -1.2502712175290398, 0.05619902518576861], ["Ba0.5Sr0.5!@#$%^Zn0.2Fe0.8", -0.638272163982407, 0.23000000000000004, -0.8133055074853257, 0.15370729951726866], ["Sr1.0!@#$%^Ti0.5Fe0.5", -0.8996294548824371, 0.126, -0.8804914931414887, 0.13167657049669867], ["Bi0.4Sr0.6!@#$%^Co0.3Fe0.7", -0.619788758288394, 0.24, -1.1155315163333797, 0.07664229195693818], ["La0.5Bi0.3Sr0.2!@#$%^Fe1.0", -0.6989700043360187, 0.20000000000000004, -0.37057514920354406, 0.42601496066814065], ["Bi0.5Sr0.5!@#$%^Fe0.95Nb0.05", -1.0757207139381184, 0.08399999999999999, -0.8866144883749647, 0.12983312536318276], ["La0.4Sr0.6!@#$%^Ni0.2Fe0.8", -0.3010299956639812, 0.5, -0.7699376941647799, 0.16984873075943102], ["La0.5Sr0.5!@#$%^Fe1.0", -0.10237290870955855, 0.79, -0.5979339744051069, 0.25238644452923176], ["Pr0.5Ba0.5!@#$%^Co1.0", -1.0969100130080565, 0.07999999999999999, -0.7860815124826466, 0.16365093371006129], ["Sm0.5Sr0.5!@#$%^Fe0.8Cu0.2", -1.0757207139381184, 0.08399999999999999, -1.0271601296073714, 0.09393768871284702], ["La0.4Sr0.6!@#$%^Co0.8Fe0.2", -1.4436974992327127, 0.036, -0.950347884060701, 0.11211200407609588], ["Sr1.0!@#$%^Fe0.95Ti0.05", -0.6575773191777937, 0.22000000000000003, -1.2964882912096392, 0.05052562667111073], ["Ba0.5Sr0.5!@#$%^Fe1.0", -0.6716203965612623, 0.213, -1.2121721205099338, 0.06135188059013106], ["La0.2Ba0.8!@#$%^Co0.7Fe0.3", -0.6575773191777937, 0.22000000000000003, -1.0164201667659096, 0.09628969991424627], ["Ba1.0!@#$%^Co1.0", -1.2218487496163564, 0.06, -1.3460460733544024, 0.04507688809172893], ["Sr1.0!@#$%^Nb0.1Co0.4Fe0.5", -1.6197887582883939, 0.024000000000000007, -1.2985200897788762, 0.05028980020426839], ["Ba0.5Sr0.5!@#$%^Fe0.8Cu0.1Ti0.1", -1.6989700043360187, 0.020000000000000004, -0.9309517278373922, 0.11723256631974634], ["Ba0.5Sr0.5!@#$%^Fe0.9Cu0.1", -1.7695510786217261, 0.016999999999999998, -1.023335624421744, 0.09476858050546164], ["Sr1.0!@#$%^Nb0.1Co0.9", -1.744727494896694, 0.018, -1.4318275295695777, 0.03699750780139987], ["Ba0.5Sr0.5!@#$%^Fe0.9Nb0.1", -1.0861861476162833, 0.082, -1.0602706935122863, 0.08704208919872607], ["Ba0.6La0.4!@#$%^Fe1.0", -0.721246399047171, 0.19, -0.5889974866648398, 0.2576336066649265], ["Pr0.9Ca0.1!@#$%^Fe0.8Ni0.2", -0.1549019599857432, 0.7, -0.20865854698603303, 0.6185024909109447], ["Sr1.0!@#$%^Sc0.175Nb0.025Fe0.8", -1.3979400086720375, 0.04000000000000001, -1.3020484760532156, 0.049882880496274075], ["La0.1Ba0.9!@#$%^Co0.7Fe0.3", -0.6020599913279624, 0.25, -1.14202893094513, 0.07210594435137489], ["Sr1.0!@#$%^Fe0.9Hf0.1", -1.431798275933005, 0.037, -1.3522446583129626, 0.04443808565040083], ["La0.3Bi0.5Sr0.2!@#$%^Fe1.0", -1.0, 0.1, -0.5168006875806221, 0.3042280910898792], ["Nd0.2Sr0.8!@#$%^Co1.0", -1.3872161432802645, 0.040999999999999995, -1.3389863977997738, 0.04581562360455185], ["Sr1.0!@#$%^Sc0.2Co0.8", -1.7212463990471711, 0.018999999999999996, -1.5154533605485736, 0.03051733741214826], ["Ba0.7La0.3!@#$%^Fe1.0", -0.3979400086720376, 0.4, -0.7119868911429461, 0.19409444626786526], ["Pr0.6Sr0.4!@#$%^Fe0.8Ni0.2", -0.20760831050174613, 0.62, -0.574221556187848, 0.26654985082783594], ["Pr0.5Sr0.5!@#$%^Fe0.8Cu0.2", -0.8239087409443188, 0.15, -0.9661501159594545, 0.10810602130896522], ["Ba1.0!@#$%^Co0.7Fe0.2Nb0.1", -1.3098039199714864, 0.048999999999999995, -1.1129482162620152, 0.07709953943478201]]}