{"mse_train": 0.10526269690261436, "mse_train_p": 0.06322565036095582, "mse_val": 0.15975700747370275, "mse_val_p": 0.11998116964172778, "mse_val_std": 0.20886156623264043, "mse_val_std_p": 0.6395795797224871, "train_preds": [["La0.5Sr0.5!@#$%^Co1.0", -1.4559319556497243, 0.035, -0.7533491764123058, 0.1764618482096969], ["Ba1.0!@#$%^Ce0.1Fe0.6Co0.3", -1.3098039199714864, 0.048999999999999995, -1.4882718021096215, 0.03248839059703228], ["La0.6Sr0.4!@#$%^Co0.2Fe0.8", -0.9208187539523752, 0.11999999999999998, -0.39527266878415945, 0.4024642705794609], ["Pr0.6Ca0.4!@#$%^Fe0.8Ni0.2", -0.3098039199714863, 0.49000000000000005, -0.465915502557088, 0.3420459853800932], ["Pr0.9Ca0.1!@#$%^Fe0.8Ni0.2", -0.1549019599857432, 0.7, -0.16290065396512488, 0.6872256267520096], ["Sr1.0!@#$%^Ti0.65Fe0.35", -0.9625735020593764, 0.10899999999999999, -0.9668766758545543, 0.107925314812748], ["La0.3Bi0.5Sr0.2!@#$%^Fe1.0", -1.0, 0.1, -0.7490673728059933, 0.1782102285590757], ["Pr0.5Ba0.5!@#$%^Co1.0", -1.0969100130080565, 0.07999999999999999, -0.6969120916550927, 0.20094995271940652], ["Pr0.6Sr0.4!@#$%^Fe0.7Ni0.2Mo0.1", -0.045757490560675115, 0.9, -0.045757490560675795, 0.8999999999999986], ["Ba0.5Sr0.5!@#$%^Fe0.9Nb0.1", -1.0861861476162833, 0.082, -1.0989244214420406, 0.07962979149494966], ["La0.5Sr0.5!@#$%^Fe0.8Cu0.2", -0.6020599913279624, 0.25, -0.7283157074304154, 0.18693227548193522], ["Pr0.1Ba0.9!@#$%^Co0.7Fe0.3", -1.585026652029182, 0.026000000000000002, -1.1283973268333622, 0.07440509459554837], ["Sr1.0!@#$%^Sc0.175Nb0.025Fe0.8", -1.3979400086720375, 0.04000000000000001, -1.2724831627642539, 0.05339699747445677], ["La0.8Sr0.2!@#$%^Fe1.0", -0.09691001300805639, 0.8, -0.11431785074482004, 0.768567736281286], ["Sr1.0!@#$%^Nb0.1Co0.4Fe0.5", -1.6197887582883939, 0.024000000000000007, -1.393691854727305, 0.040393189339883215], ["La0.5Bi0.3Sr0.2!@#$%^Fe1.0", -0.6989700043360187, 0.20000000000000004, -0.49516756398152595, 0.3197661117019642], ["Sr1.0!@#$%^Nb0.2Fe0.8", -1.0705810742857071, 0.08500000000000002, -1.2094167811431022, 0.061742359033607905], ["Sr1.0!@#$%^Nb0.1Co0.6Fe0.3", -1.7695510786217261, 0.016999999999999998, -1.5075228520312947, 0.03107972360826722], ["Ba0.6La0.4!@#$%^Fe1.0", -0.721246399047171, 0.19, -0.49001937612875807, 0.3235792200607366], ["Bi0.5Sr0.5!@#$%^Fe0.95Nb0.05", -1.0757207139381184, 0.08399999999999999, -1.1036130234389776, 0.07877473965962055], ["Sr1.0!@#$%^Co1.0", -0.958607314841775, 0.11, -1.695488435047681, 0.020160976571922937], ["Sr1.0!@#$%^Nb0.1Fe0.9", -1.2218487496163564, 0.06, -1.1375280856937175, 0.072857105651827], ["La0.4Sr0.6!@#$%^Ni0.2Fe0.8", -0.3010299956639812, 0.5, -0.5476827379048844, 0.28334611483813343], ["Bi0.5Sr0.5!@#$%^Fe0.9Nb0.1", -1.4202164033831899, 0.038, -1.1384655867431808, 0.07270000040138366], ["La1.0!@#$%^Co1.0", 0.5105450102066121, 3.2399999999999998, 0.2213011843151017, 1.664566631323444], ["La0.1Bi0.7Sr0.2!@#$%^Fe1.0", -1.0, 0.1, -1.0029671816305132, 0.0993191098144722], ["Ba0.5Sr0.5!@#$%^Co0.8Fe0.2", -1.744727494896694, 0.018, -1.4349664029603733, 0.036731071457154506], ["Sm0.5Sr0.5!@#$%^Co1.0", -0.7958800173440752, 0.16, -0.9428444187706805, 0.11406583427027411], ["La0.7Sr0.3!@#$%^Mn1.0", 0.38021124171160603, 2.4, 0.14743494804720092, 1.4042193331008705], ["Sr1.0!@#$%^Fe0.9Nb0.1", -0.5376020021010439, 0.29, -1.1375280856937175, 0.072857105651827], ["La0.2Ba0.8!@#$%^Co0.7Fe0.3", -0.6575773191777937, 0.22000000000000003, -0.9647363105111215, 0.10845852390374393], ["Pr0.8Ca0.2!@#$%^Fe0.8Ni0.2", -0.27572413039921095, 0.53, -0.26392863521935683, 0.5445921347650348], ["Ba0.5Sr0.5!@#$%^Fe1.0", -0.6716203965612623, 0.213, -1.0245517574759009, 0.09450357601547037], ["Sr1.0!@#$%^Fe1.0", -1.1426675035687315, 0.07200000000000001, -1.0655581681856017, 0.08598878882021473], ["La0.6Bi0.2Sr0.2!@#$%^Fe1.0", -0.4559319556497244, 0.35, -0.3682176595692873, 0.4283337943999465], ["Ba1.0!@#$%^Fe0.85Cu0.15", -0.4559319556497244, 0.35, -0.9633671631510027, 0.10880098743072182], ["Sm0.5Sr0.5!@#$%^Fe0.8Cu0.2", -1.0757207139381184, 0.08399999999999999, -0.8329310792007539, 0.146915940887369], ["Ba0.95Ca0.05!@#$%^Fe0.95In0.05", -1.4202164033831899, 0.038, -1.2558770167730726, 0.055478279374399996], ["Sr1.0!@#$%^Sc0.2Co0.8", -1.7212463990471711, 0.018999999999999996, -1.9954812104082684, 0.010104592167305302], ["Ba0.5Sr0.5!@#$%^Fe0.8Cu0.1Ti0.1", -1.6989700043360187, 0.020000000000000004, -0.9690210303624395, 0.10739374065233405], ["La0.5Sr0.5!@#$%^Fe1.0", -0.10237290870955855, 0.79, -0.46711489522773736, 0.34110265891579195], ["Sr1.0!@#$%^Fe0.9Hf0.1", -1.431798275933005, 0.037, -1.292874856493699, 0.050947765771460235], ["Bi0.4Sr0.6!@#$%^Co0.3Fe0.7", -0.619788758288394, 0.24, -1.201127924516435, 0.06293207846577722], ["Ba0.5Sr0.5!@#$%^Zn0.2Fe0.8", -0.638272163982407, 0.23000000000000004, -0.9708257561061852, 0.10694838822740502], ["Sr1.0!@#$%^Fe0.95Ti0.05", -0.6575773191777937, 0.22000000000000003, -1.0582403541710081, 0.08744996617422615], ["Sr1.0!@#$%^Ti0.1Fe0.9", -1.6777807052660807, 0.021, -1.0508768350956024, 0.08894533289872193], ["Sr1.0!@#$%^Nb0.1Co0.9", -1.744727494896694, 0.018, -1.6600040468251525, 0.021877412381332752], ["Bi0.5Sr0.5!@#$%^Fe1.0", -0.9208187539523752, 0.11999999999999998, -1.0687405117420403, 0.08536099883500807], ["Pr0.5Sr0.5!@#$%^Fe0.8Cu0.2", -0.8239087409443188, 0.15, -0.7938242217651251, 0.16075917850357402], ["Pr1.0!@#$%^Fe0.8Ni0.2", -0.017728766960431602, 0.96, -0.06184956348834125, 0.8672622371883622], ["Pr0.2Ba0.8!@#$%^Co0.7Fe0.3", -1.0457574905606752, 0.08999999999999998, -1.0059220995250684, 0.09864564128884068], ["La0.1Ba0.9!@#$%^Co0.7Fe0.3", -0.6020599913279624, 0.25, -1.1077808016269062, 0.07802238079887647], ["La0.5Sr0.5!@#$%^Fe0.8Cu0.15Nb0.05", -0.4559319556497244, 0.35, -0.7123574876683755, 0.1939288902942327], ["Ba1.0!@#$%^Co0.7Fe0.2Nb0.1", -1.3098039199714864, 0.048999999999999995, -1.3007692414331937, 0.050030029454309594], ["Ba1.0!@#$%^Nb0.05Fe0.95", -1.585026652029182, 0.026000000000000002, -1.021943831688715, 0.09507277455267497], ["La0.4Sr0.6!@#$%^Co0.8Fe0.2", -1.4436974992327127, 0.036, -0.8815115081914177, 0.13136766839189962], ["Sr1.0!@#$%^Sc0.175Nb0.025Co0.8", -2.070581074285707, 0.008500000000000002, -2.0070398637817606, 0.009839207877732967], ["Ba0.5Sr0.5!@#$%^Fe0.9Sb0.1", -0.9208187539523752, 0.11999999999999998, -1.0753863100571475, 0.08406470435263956], ["Pr0.7Ca0.3!@#$%^Fe0.8Ni0.2", -0.2924298239020636, 0.51, -0.36493356542404, 0.4315850918955775], ["Bi0.5Sr0.5!@#$%^Fe0.85Nb0.15", -1.1135092748275182, 0.077, -1.1732982172271327, 0.06709679607704638], ["Sr1.0!@#$%^Fe0.85Ti0.15", -0.744727494896694, 0.17999999999999997, -1.043467663906373, 0.0904757800426403], ["Pr0.6Sr0.4!@#$%^Fe0.8Ni0.2", -0.20760831050174613, 0.62, -0.4328800429981656, 0.3690795283934147], ["Ba1.0!@#$%^Co1.0", -1.2218487496163564, 0.06, -1.315790664162745, 0.048329169906672506], ["Ba0.5Sr0.5!@#$%^Fe0.9Cu0.1", -1.7695510786217261, 0.016999999999999998, -0.9818386346960598, 0.10427047820457322], ["Nd0.2Sr0.8!@#$%^Co1.0", -1.3872161432802645, 0.040999999999999995, -1.3608466719009216, 0.04356656587314117], ["Sr1.0!@#$%^Ti0.5Fe0.5", -0.8996294548824371, 0.126, -0.9903296368187886, 0.10225165903709932], ["Ba0.8La0.2!@#$%^Fe1.0", -0.3010299956639812, 0.5, -0.7281244167211814, 0.187014630393942], ["Sr1.0!@#$%^Fe0.9Ti0.1", -1.4559319556497243, 0.035, -1.0508768350956024, 0.08894533289872193], ["Nd0.1Ba0.9!@#$%^Co0.7Fe0.3", -1.0457574905606752, 0.08999999999999998, -1.1248072851632362, 0.07502270429621292], ["Ba0.7La0.3!@#$%^Fe1.0", -0.3979400086720376, 0.4, -0.6068939383376878, 0.24723278533209161]]}