{"mse_train": 0.022193493767495697, "mse_train_p": 0.049103936403331105, "mse_val": 0.1517757108438763, "mse_val_p": 0.17975882695604442, "mse_val_std": 0.18799039502532772, "mse_val_std_p": 0.9119101347526458, "train_preds": [["Ba0.5Sr0.5!@#$%^Zn0.2Fe0.8", -0.638272163982407, 0.23000000000000004, -0.7344512426821495, 0.18430993982053448], ["Bi0.5Sr0.5!@#$%^Fe0.95Nb0.05", -1.0757207139381184, 0.08399999999999999, -1.1146450846755136, 0.07679888509293774], ["Sr1.0!@#$%^Fe0.9Ti0.1", -1.4559319556497243, 0.035, -1.4812565943572462, 0.033017440633934345], ["Sr1.0!@#$%^Nb0.1Co0.4Fe0.5", -1.6197887582883939, 0.024000000000000007, -1.5672785650273955, 0.027084538190361666], ["Pr0.9Ca0.1!@#$%^Fe0.8Ni0.2", -0.1549019599857432, 0.7, -0.11037559462774013, 0.7755760783779132], ["Sr1.0!@#$%^Nb0.2Fe0.8", -1.0705810742857071, 0.08500000000000002, -1.173533011534676, 0.06706053108027911], ["Sr1.0!@#$%^Nb0.1Fe0.9", -1.2218487496163564, 0.06, -0.9723856310662358, 0.1065649459325786], ["Ba1.0!@#$%^Co1.0", -1.2218487496163564, 0.06, -1.2576605628138606, 0.05525091022929023], ["Pr1.0!@#$%^Fe0.8Ni0.2", -0.017728766960431602, 0.96, -0.02386014577680601, 0.946541923638115], ["Ba1.0!@#$%^Nb0.05Fe0.95", -1.585026652029182, 0.026000000000000002, -1.4196776556588162, 0.03804716872485005], ["Pr0.6Ca0.4!@#$%^Fe0.8Ni0.2", -0.3098039199714863, 0.49000000000000005, -0.4119957521395448, 0.3872614327304644], ["Sr1.0!@#$%^Fe0.9Nb0.1", -0.5376020021010439, 0.29, -0.9723856310662358, 0.1065649459325786], ["Pr0.6Sr0.4!@#$%^Fe0.8Ni0.2", -0.20760831050174613, 0.62, -0.28857911884157983, 0.5145420603005988], ["Ba0.5Sr0.5!@#$%^Fe1.0", -0.6716203965612623, 0.213, -0.834396134605794, 0.14642116749455228], ["Sr1.0!@#$%^Ti0.1Fe0.9", -1.6777807052660807, 0.021, -1.4812565943572462, 0.033017440633934345], ["Sr1.0!@#$%^Fe0.9Hf0.1", -1.431798275933005, 0.037, -1.4251410218398322, 0.03757153841380163], ["Ba0.5Sr0.5!@#$%^Fe0.8Cu0.1Ti0.1", -1.6989700043360187, 0.020000000000000004, -1.3583914692588581, 0.04381355881290285], ["Ba0.95Ca0.05!@#$%^Fe0.95In0.05", -1.4202164033831899, 0.038, -1.3905066550621583, 0.04069052984069182], ["La0.5Bi0.3Sr0.2!@#$%^Fe1.0", -0.6989700043360187, 0.20000000000000004, -0.6350418729110177, 0.23171712269542497], ["Sr1.0!@#$%^Nb0.1Co0.6Fe0.3", -1.7695510786217261, 0.016999999999999998, -1.6721249514373653, 0.021275268443678684], ["Bi0.4Sr0.6!@#$%^Co0.3Fe0.7", -0.619788758288394, 0.24, -0.5794035514229323, 0.2633882814205001], ["Ba0.8La0.2!@#$%^Fe1.0", -0.3010299956639812, 0.5, -0.5557818248573575, 0.2781110054325253], ["La0.3Bi0.5Sr0.2!@#$%^Fe1.0", -1.0, 0.1, -0.9494315751438276, 0.11234879658141525], ["Pr0.5Ba0.5!@#$%^Co1.0", -1.0969100130080565, 0.07999999999999999, -1.1250512008038753, 0.07498058063599498], ["La0.6Sr0.4!@#$%^Co0.2Fe0.8", -0.9208187539523752, 0.11999999999999998, -0.6505475403098031, 0.22359004311243327], ["Sm0.5Sr0.5!@#$%^Co1.0", -0.7958800173440752, 0.16, -1.0445760567096636, 0.09024516499397893], ["Nd0.1Ba0.9!@#$%^Co0.7Fe0.3", -1.0457574905606752, 0.08999999999999998, -1.062245421603218, 0.08664720904288377], ["Sr1.0!@#$%^Sc0.175Nb0.025Fe0.8", -1.3979400086720375, 0.04000000000000001, -1.216310918176183, 0.06076997837782476], ["Sr1.0!@#$%^Ti0.5Fe0.5", -0.8996294548824371, 0.126, -0.906588821198333, 0.12399700025442079], ["Pr0.8Ca0.2!@#$%^Fe0.8Ni0.2", -0.27572413039921095, 0.53, -0.17595529851625874, 0.6668754064799521], ["Sr1.0!@#$%^Co1.0", -0.958607314841775, 0.11, -1.1724591945753362, 0.06722654708381755], ["Ba1.0!@#$%^Fe0.85Cu0.15", -0.4559319556497244, 0.35, -0.6553116693513442, 0.2211507062556729], ["Sr1.0!@#$%^Sc0.2Co0.8", -1.7212463990471711, 0.018999999999999996, -1.6716995027772874, 0.021296120584018627], ["La0.1Bi0.7Sr0.2!@#$%^Fe1.0", -1.0, 0.1, -0.9612536484302122, 0.10933176307790776], ["Sr1.0!@#$%^Sc0.175Nb0.025Co0.8", -2.070581074285707, 0.008500000000000002, -1.8494841638846815, 0.014142162921171857], ["La0.4Sr0.6!@#$%^Co0.8Fe0.2", -1.4436974992327127, 0.036, -1.3498206903772862, 0.04468680550132934], ["Sr1.0!@#$%^Fe0.85Ti0.15", -0.744727494896694, 0.17999999999999997, -0.9601065242847713, 0.10962092836033431], ["Bi0.5Sr0.5!@#$%^Fe0.9Nb0.1", -1.4202164033831899, 0.038, -1.3003143478733328, 0.05008245991844322], ["Sr1.0!@#$%^Nb0.1Co0.9", -1.744727494896694, 0.018, -1.6528722933218813, 0.0222396376327079], ["Pr0.2Ba0.8!@#$%^Co0.7Fe0.3", -1.0457574905606752, 0.08999999999999998, -0.9621595814875248, 0.10910393604208388], ["Ba1.0!@#$%^Co0.7Fe0.2Nb0.1", -1.3098039199714864, 0.048999999999999995, -1.3704662081552603, 0.04261218382357074], ["Bi0.5Sr0.5!@#$%^Fe1.0", -0.9208187539523752, 0.11999999999999998, -0.9347960729197652, 0.11619941110801461], ["Ba0.5Sr0.5!@#$%^Co0.8Fe0.2", -1.744727494896694, 0.018, -1.5280301479451692, 0.029646255833823357], ["Bi0.5Sr0.5!@#$%^Fe0.85Nb0.15", -1.1135092748275182, 0.077, -1.1634213872455152, 0.06864021145685927], ["Ba1.0!@#$%^Ce0.1Fe0.6Co0.3", -1.3098039199714864, 0.048999999999999995, -1.3987339849152571, 0.03992693889095791], ["Ba0.5Sr0.5!@#$%^Fe0.9Cu0.1", -1.7695510786217261, 0.016999999999999998, -1.6298745695824004, 0.02344905959692497], ["Ba0.5Sr0.5!@#$%^Fe0.9Nb0.1", -1.0861861476162833, 0.082, -1.0228895664424875, 0.09486596603384759], ["Ba0.6La0.4!@#$%^Fe1.0", -0.721246399047171, 0.19, -0.640301475201265, 0.2289277947718758], ["Pr0.6Sr0.4!@#$%^Fe0.7Ni0.2Mo0.1", -0.045757490560675115, 0.9, -0.10292645389130813, 0.7889937193730706], ["La0.4Sr0.6!@#$%^Ni0.2Fe0.8", -0.3010299956639812, 0.5, -0.42231190824097614, 0.3781708866220978], ["Ba0.5Sr0.5!@#$%^Fe0.9Sb0.1", -0.9208187539523752, 0.11999999999999998, -1.0451719629220846, 0.09012142228311443], ["Pr0.5Sr0.5!@#$%^Fe0.8Cu0.2", -0.8239087409443188, 0.15, -0.8767879482252497, 0.1328042739232994], ["La0.1Ba0.9!@#$%^Co0.7Fe0.3", -0.6020599913279624, 0.25, -0.9085571201906129, 0.12343629560177129], ["Sr1.0!@#$%^Fe0.95Ti0.05", -0.6575773191777937, 0.22000000000000003, -0.8946562710869279, 0.12745114132006577], ["La0.6Bi0.2Sr0.2!@#$%^Fe1.0", -0.4559319556497244, 0.35, -0.36796930372323516, 0.4285788116156009], ["La0.5Sr0.5!@#$%^Fe1.0", -0.10237290870955855, 0.79, -0.29652302604393055, 0.5052158579755017], ["La0.7Sr0.3!@#$%^Mn1.0", 0.38021124171160603, 2.4, 0.11251356656129391, 1.2957271730199036], ["Sr1.0!@#$%^Ti0.65Fe0.35", -0.9625735020593764, 0.10899999999999999, -0.9216234775823925, 0.11977785252091493], ["Sm0.5Sr0.5!@#$%^Fe0.8Cu0.2", -1.0757207139381184, 0.08399999999999999, -1.0087217681849059, 0.09801176990995283], ["La0.5Sr0.5!@#$%^Co1.0", -1.4559319556497243, 0.035, -1.3208504832463475, 0.0477693703374255], ["La0.5Sr0.5!@#$%^Fe0.8Cu0.2", -0.6020599913279624, 0.25, -0.6302184060342332, 0.2343050202601213], ["Sr1.0!@#$%^Fe1.0", -1.1426675035687315, 0.07200000000000001, -1.0124693397017577, 0.09716965489358402], ["Pr0.7Ca0.3!@#$%^Fe0.8Ni0.2", -0.2924298239020636, 0.51, -0.32271243104474545, 0.47565007433562057], ["Ba0.7La0.3!@#$%^Fe1.0", -0.3979400086720376, 0.4, -0.4592011948753989, 0.347375196237168], ["La0.5Sr0.5!@#$%^Fe0.8Cu0.15Nb0.05", -0.4559319556497244, 0.35, -0.5412646628600762, 0.28756454371406204], ["La0.8Sr0.2!@#$%^Fe1.0", -0.09691001300805639, 0.8, -0.10321712858188661, 0.788465820026539], ["Nd0.2Sr0.8!@#$%^Co1.0", -1.3872161432802645, 0.040999999999999995, -1.3360042733248318, 0.04613130353589156], ["Pr0.1Ba0.9!@#$%^Co0.7Fe0.3", -1.585026652029182, 0.026000000000000002, -1.4099969788768787, 0.03890478513546418], ["La0.2Ba0.8!@#$%^Co0.7Fe0.3", -0.6575773191777937, 0.22000000000000003, -0.8110952834079186, 0.154491545075398], ["La1.0!@#$%^Co1.0", 0.5105450102066121, 3.2399999999999998, 0.2715193738110817, 1.868613033941094]]}