{"mse_train": 0.11017203082850353, "mse_train_p": 0.09582710357028312, "mse_val": 0.14369448631562728, "mse_val_p": 0.13397215080362493, "mse_val_std": 0.18072221452592094, "mse_val_std_p": 0.7060508679174453, "train_preds": [["La0.5Sr0.5!@#$%^Fe1.0", -0.10237290870955855, 0.79, -0.48372316615635963, 0.32830449870834727], ["Sr1.0!@#$%^Nb0.1Fe0.9", -1.2218487496163564, 0.06, -1.1488904364692951, 0.07097568023656571], ["Sr1.0!@#$%^Fe0.9Nb0.1", -0.5376020021010439, 0.29, -1.1488904364692951, 0.07097568023656571], ["La0.5Bi0.3Sr0.2!@#$%^Fe1.0", -0.6989700043360187, 0.20000000000000004, -0.4532332765698104, 0.35218164967521076], ["Pr0.6Ca0.4!@#$%^Fe0.8Ni0.2", -0.3098039199714863, 0.49000000000000005, -0.4621251250889219, 0.34504431389467005], ["La0.3Bi0.5Sr0.2!@#$%^Fe1.0", -1.0, 0.1, -0.6965961143917336, 0.20109620997792896], ["Ba0.5Sr0.5!@#$%^Fe0.9Cu0.1", -1.7695510786217261, 0.016999999999999998, -1.0114697200787743, 0.09739356877982284], ["Ba0.6La0.4!@#$%^Fe1.0", -0.721246399047171, 0.19, -0.49300862593311356, 0.3213596709725334], ["Sr1.0!@#$%^Nb0.1Co0.9", -1.744727494896694, 0.018, -1.5686446050657996, 0.02699947969200308], ["La0.5Sr0.5!@#$%^Co1.0", -1.4559319556497243, 0.035, -0.7688490486172036, 0.17027502447637366], ["Ba0.5Sr0.5!@#$%^Zn0.2Fe0.8", -0.638272163982407, 0.23000000000000004, -0.9951365085999977, 0.10112615418736802], ["La0.4Sr0.6!@#$%^Co0.8Fe0.2", -1.4436974992327127, 0.036, -0.8811999160918742, 0.13146195422079174], ["Pr1.0!@#$%^Fe0.8Ni0.2", -0.017728766960431602, 0.96, 0.0057040973157760355, 1.0132208015164386], ["Pr0.2Ba0.8!@#$%^Co0.7Fe0.3", -1.0457574905606752, 0.08999999999999998, -1.0405879730772531, 0.09107769415956331], ["Nd0.1Ba0.9!@#$%^Co0.7Fe0.3", -1.0457574905606752, 0.08999999999999998, -1.1640827324993333, 0.06853576543290212], ["Ba0.5Sr0.5!@#$%^Fe0.9Sb0.1", -0.9208187539523752, 0.11999999999999998, -1.046524873170436, 0.0898411136763196], ["Sr1.0!@#$%^Fe0.9Ti0.1", -1.4559319556497243, 0.035, -1.1089487544737553, 0.0778128362579154], ["Sr1.0!@#$%^Nb0.2Fe0.8", -1.0705810742857071, 0.08500000000000002, -1.1544836318263005, 0.07006745901714113], ["Bi0.5Sr0.5!@#$%^Fe0.85Nb0.15", -1.1135092748275182, 0.077, -1.0993084151149042, 0.07955941569360586], ["La0.5Sr0.5!@#$%^Fe0.8Cu0.15Nb0.05", -0.4559319556497244, 0.35, -0.694641771571977, 0.2020031902896339], ["Ba1.0!@#$%^Ce0.1Fe0.6Co0.3", -1.3098039199714864, 0.048999999999999995, -1.3201021145194574, 0.047851756651716], ["Sr1.0!@#$%^Co1.0", -0.958607314841775, 0.11, -1.660324311280251, 0.02186128513349148], ["Ba1.0!@#$%^Co0.7Fe0.2Nb0.1", -1.3098039199714864, 0.048999999999999995, -1.2682608936235118, 0.053918661975263474], ["Bi0.4Sr0.6!@#$%^Co0.3Fe0.7", -0.619788758288394, 0.24, -1.2018162032286495, 0.06283242142025493], ["Sm0.5Sr0.5!@#$%^Co1.0", -0.7958800173440752, 0.16, -0.9018642097877343, 0.12535330539970327], ["La0.6Sr0.4!@#$%^Co0.2Fe0.8", -0.9208187539523752, 0.11999999999999998, -0.39970262705161275, 0.39837985843784623], ["Sr1.0!@#$%^Fe1.0", -1.1426675035687315, 0.07200000000000001, -1.1432945374356427, 0.07189612149177746], ["Sr1.0!@#$%^Nb0.1Co0.6Fe0.3", -1.7695510786217261, 0.016999999999999998, -1.4294481365794285, 0.03720076436395789], ["La0.7Sr0.3!@#$%^Mn1.0", 0.38021124171160603, 2.4, 0.013426162620575721, 1.0313977095431992], ["Pr0.5Ba0.5!@#$%^Co1.0", -1.0969100130080565, 0.07999999999999999, -0.7395527729674777, 0.18215757122396317], ["Ba1.0!@#$%^Nb0.05Fe0.95", -1.585026652029182, 0.026000000000000002, -0.9444309706064102, 0.11364989253299346], ["Pr0.9Ca0.1!@#$%^Fe0.8Ni0.2", -0.1549019599857432, 0.7, -0.1112543602218361, 0.7740083391325486], ["Ba0.8La0.2!@#$%^Fe1.0", -0.3010299956639812, 0.5, -0.7169924523692104, 0.19187020856233178], ["Ba0.95Ca0.05!@#$%^Fe0.95In0.05", -1.4202164033831899, 0.038, -1.1531889532353312, 0.07027664930785872], ["Ba0.5Sr0.5!@#$%^Fe1.0", -0.6716203965612623, 0.213, -1.0424236091754833, 0.0906935477216336], ["Ba0.7La0.3!@#$%^Fe1.0", -0.3979400086720376, 0.4, -0.6049280404417814, 0.248354457717228], ["Ba0.5Sr0.5!@#$%^Fe0.9Nb0.1", -1.0861861476162833, 0.082, -1.048099489554133, 0.08951596760481122], ["Ba0.5Sr0.5!@#$%^Fe0.8Cu0.1Ti0.1", -1.6989700043360187, 0.020000000000000004, -0.9771859759275762, 0.10539354778037369], ["La1.0!@#$%^Co1.0", 0.5105450102066121, 3.2399999999999998, 0.12370842630505696, 1.3295614862589566], ["Pr0.8Ca0.2!@#$%^Fe0.8Ni0.2", -0.27572413039921095, 0.53, -0.22821204851194954, 0.5912728689461905], ["Sr1.0!@#$%^Fe0.85Ti0.15", -0.744727494896694, 0.17999999999999997, -1.0917735826466815, 0.08095178274355848], ["Sr1.0!@#$%^Ti0.1Fe0.9", -1.6777807052660807, 0.021, -1.1089487544737553, 0.0778128362579154], ["Sr1.0!@#$%^Ti0.65Fe0.35", -0.9625735020593764, 0.10899999999999999, -0.919938669801634, 0.12024342279856093], ["Ba1.0!@#$%^Fe0.85Cu0.15", -0.4559319556497244, 0.35, -0.8965828841751633, 0.12688699602113923], ["La0.8Sr0.2!@#$%^Fe1.0", -0.09691001300805639, 0.8, -0.08818901983692551, 0.8162270440663718], ["Sr1.0!@#$%^Fe0.9Hf0.1", -1.431798275933005, 0.037, -1.309789211257948, 0.049001659563264945], ["La0.5Sr0.5!@#$%^Fe0.8Cu0.2", -0.6020599913279624, 0.25, -0.7606245453252488, 0.1735303547734992], ["Pr0.6Sr0.4!@#$%^Fe0.8Ni0.2", -0.20760831050174613, 0.62, -0.4390072919018058, 0.36390892596338453], ["La0.1Bi0.7Sr0.2!@#$%^Fe1.0", -1.0, 0.1, -0.9399589522136592, 0.1148262145537151], ["Bi0.5Sr0.5!@#$%^Fe0.95Nb0.05", -1.0757207139381184, 0.08399999999999999, -1.0937885687481703, 0.0805770625847498], ["Pr0.7Ca0.3!@#$%^Fe0.8Ni0.2", -0.2924298239020636, 0.51, -0.3451689694909978, 0.4516801764998075], ["Nd0.2Sr0.8!@#$%^Co1.0", -1.3872161432802645, 0.040999999999999995, -1.3240972003625089, 0.04741358560398353], ["Sr1.0!@#$%^Fe0.95Ti0.05", -0.6575773191777937, 0.22000000000000003, -1.1261224066575641, 0.07479586573465394], ["Pr0.5Sr0.5!@#$%^Fe0.8Cu0.2", -0.8239087409443188, 0.15, -0.8348934585507211, 0.1462535920864193], ["Sr1.0!@#$%^Sc0.175Nb0.025Co0.8", -2.070581074285707, 0.008500000000000002, -1.8712064727024889, 0.013452206559001699], ["La0.1Ba0.9!@#$%^Co0.7Fe0.3", -0.6020599913279624, 0.25, -1.1540370644918756, 0.07013954358707347], ["Sr1.0!@#$%^Nb0.1Co0.4Fe0.5", -1.6197887582883939, 0.024000000000000007, -1.33624515384079, 0.046105724000415495], ["La0.6Bi0.2Sr0.2!@#$%^Fe1.0", -0.4559319556497244, 0.35, -0.3315518576588502, 0.46606677319675316], ["La0.4Sr0.6!@#$%^Ni0.2Fe0.8", -0.3010299956639812, 0.5, -0.6013385044224653, 0.25041566642294366], ["Bi0.5Sr0.5!@#$%^Fe0.9Nb0.1", -1.4202164033831899, 0.038, -1.0965488236880936, 0.08006656120612571], ["Sr1.0!@#$%^Sc0.2Co0.8", -1.7212463990471711, 0.018999999999999996, -1.889348540937761, 0.012901834275374292], ["La0.2Ba0.8!@#$%^Co0.7Fe0.3", -0.6575773191777937, 0.22000000000000003, -1.010381682188282, 0.09763787477296164], ["Sm0.5Sr0.5!@#$%^Fe0.8Cu0.2", -1.0757207139381184, 0.08399999999999999, -0.8908142705492884, 0.12858364404425246], ["Pr0.6Sr0.4!@#$%^Fe0.7Ni0.2Mo0.1", -0.045757490560675115, 0.9, -0.3387447187339671, 0.45841126481156297], ["Sr1.0!@#$%^Sc0.175Nb0.025Fe0.8", -1.3979400086720375, 0.04000000000000001, -1.4499061479081123, 0.03548900735539143], ["Ba0.5Sr0.5!@#$%^Co0.8Fe0.2", -1.744727494896694, 0.018, -1.452934065781709, 0.035242437174907666], ["Pr0.1Ba0.9!@#$%^Co0.7Fe0.3", -1.585026652029182, 0.026000000000000002, -1.1691409965425046, 0.06774215425740066], ["Sr1.0!@#$%^Ti0.5Fe0.5", -0.8996294548824371, 0.126, -0.9715049773234248, 0.10678125545781786], ["Ba1.0!@#$%^Co1.0", -1.2218487496163564, 0.06, -1.4486732766341626, 0.03558989636432636], ["Bi0.5Sr0.5!@#$%^Fe1.0", -0.9208187539523752, 0.11999999999999998, -1.0910276497767737, 0.08109094288799906]]}