{"mse_train": 0.06498666874277641, "mse_train_p": 0.03571947498960444, "mse_val": 0.1406506910881283, "mse_val_p": 0.13671174308994843, "mse_val_std": 0.17547952126139071, "mse_val_std_p": 0.6496076544395614, "train_preds": [["Ba0.5Sr0.5!@#$%^Zn0.2Fe0.8", -0.638272163982407, 0.23000000000000004, -0.7380679038996237, 0.182781440677902], ["Pr0.6Sr0.4!@#$%^Fe0.8Ni0.2", -0.20760831050174613, 0.62, -0.2666017421121455, 0.5412504343596689], ["Sr1.0!@#$%^Ti0.5Fe0.5", -0.8996294548824371, 0.126, -0.9997632219395367, 0.10005453502817942], ["Pr1.0!@#$%^Fe0.8Ni0.2", -0.017728766960431602, 0.96, -7.952788038811942e-05, 0.9998168970535319], ["Pr0.9Ca0.1!@#$%^Fe0.8Ni0.2", -0.1549019599857432, 0.7, -0.10167931187119639, 0.791262689966099], ["Ba1.0!@#$%^Ce0.1Fe0.6Co0.3", -1.3098039199714864, 0.048999999999999995, -1.2914195684236596, 0.051118774252165294], ["Ba0.6La0.4!@#$%^Fe1.0", -0.721246399047171, 0.19, -0.46659049148412896, 0.34151478376864963], ["Sr1.0!@#$%^Sc0.175Nb0.025Fe0.8", -1.3979400086720375, 0.04000000000000001, -1.2975024488295182, 0.050407777678237564], ["Sm0.5Sr0.5!@#$%^Fe0.8Cu0.2", -1.0757207139381184, 0.08399999999999999, -0.9754356595839252, 0.10581916747219114], ["La0.5Bi0.3Sr0.2!@#$%^Fe1.0", -0.6989700043360187, 0.20000000000000004, -0.599219526269238, 0.251640461926361], ["Bi0.5Sr0.5!@#$%^Fe0.95Nb0.05", -1.0757207139381184, 0.08399999999999999, -1.0737348769998691, 0.08438497440485161], ["Sr1.0!@#$%^Nb0.1Co0.6Fe0.3", -1.7695510786217261, 0.016999999999999998, -1.646558141958575, 0.0225653387772375], ["Sr1.0!@#$%^Fe0.85Ti0.15", -0.744727494896694, 0.17999999999999997, -1.1575444064024123, 0.0695753810570113], ["La0.5Sr0.5!@#$%^Fe1.0", -0.10237290870955855, 0.79, -0.33034451131019493, 0.46736424974597707], ["Ba1.0!@#$%^Co1.0", -1.2218487496163564, 0.06, -1.1216070196201544, 0.07557757977713885], ["Bi0.5Sr0.5!@#$%^Fe0.9Nb0.1", -1.4202164033831899, 0.038, -1.1133460031504572, 0.07702895335570915], ["La0.1Ba0.9!@#$%^Co0.7Fe0.3", -0.6020599913279624, 0.25, -1.0746156507533369, 0.0842140103287411], ["Sr1.0!@#$%^Co1.0", -0.958607314841775, 0.11, -1.267164315621579, 0.05405497668679449], ["La0.5Sr0.5!@#$%^Fe0.8Cu0.2", -0.6020599913279624, 0.25, -0.7022041312572462, 0.19851616133352018], ["Ba0.5Sr0.5!@#$%^Fe0.9Cu0.1", -1.7695510786217261, 0.016999999999999998, -1.1793554254495064, 0.06616747691827815], ["La0.5Sr0.5!@#$%^Co1.0", -1.4559319556497243, 0.035, -1.2585329280229298, 0.055140039385343786], ["Sr1.0!@#$%^Fe0.9Ti0.1", -1.4559319556497243, 0.035, -1.1601412831097544, 0.06916059435747617], ["Sm0.5Sr0.5!@#$%^Co1.0", -0.7958800173440752, 0.16, -0.8956224378574674, 0.1271679183189001], ["Ba1.0!@#$%^Fe0.85Cu0.15", -0.4559319556497244, 0.35, -0.5562064275971389, 0.27783923364434104], ["Sr1.0!@#$%^Ti0.1Fe0.9", -1.6777807052660807, 0.021, -1.1601412831097544, 0.06916059435747617], ["Ba0.5Sr0.5!@#$%^Fe0.9Sb0.1", -0.9208187539523752, 0.11999999999999998, -1.2005860403676776, 0.06301064999061982], ["La0.8Sr0.2!@#$%^Fe1.0", -0.09691001300805639, 0.8, 0.003008261336422069, 1.0069508233212656], ["La0.6Sr0.4!@#$%^Co0.2Fe0.8", -0.9208187539523752, 0.11999999999999998, -0.3177373304270402, 0.48113025720904395], ["La0.7Sr0.3!@#$%^Mn1.0", 0.38021124171160603, 2.4, 0.09804279392813375, 1.2532646613724159], ["Sr1.0!@#$%^Ti0.65Fe0.35", -0.9625735020593764, 0.10899999999999999, -0.8699597201315996, 0.13490880017665569], ["La0.6Bi0.2Sr0.2!@#$%^Fe1.0", -0.4559319556497244, 0.35, -0.3710609024330592, 0.425538734361361], ["Ba1.0!@#$%^Co0.7Fe0.2Nb0.1", -1.3098039199714864, 0.048999999999999995, -1.2235960632053808, 0.05975908467352795], ["Ba0.7La0.3!@#$%^Fe1.0", -0.3979400086720376, 0.4, -0.49775200323052904, 0.3178688690747244], ["Sr1.0!@#$%^Fe0.9Hf0.1", -1.431798275933005, 0.037, -1.331901595453969, 0.04656916002264847], ["Bi0.5Sr0.5!@#$%^Fe1.0", -0.9208187539523752, 0.11999999999999998, -1.020842383352619, 0.09531420210355009], ["Ba0.5Sr0.5!@#$%^Fe1.0", -0.6716203965612623, 0.213, -1.27377293666355, 0.053238653557966184], ["Sr1.0!@#$%^Nb0.1Co0.9", -1.744727494896694, 0.018, -1.6448506545774269, 0.022654232086256755], ["Pr0.5Ba0.5!@#$%^Co1.0", -1.0969100130080565, 0.07999999999999999, -1.1968834673785325, 0.06355014307090139], ["Nd0.2Sr0.8!@#$%^Co1.0", -1.3872161432802645, 0.040999999999999995, -1.484919041020233, 0.03274017217628037], ["Ba0.95Ca0.05!@#$%^Fe0.95In0.05", -1.4202164033831899, 0.038, -1.3204065688462798, 0.04781822279483967], ["Sr1.0!@#$%^Nb0.1Co0.4Fe0.5", -1.6197887582883939, 0.024000000000000007, -1.5194866850537427, 0.030235232666757025], ["Ba0.8La0.2!@#$%^Fe1.0", -0.3010299956639812, 0.5, -0.637118886686151, 0.23061158106861598], ["La0.4Sr0.6!@#$%^Ni0.2Fe0.8", -0.3010299956639812, 0.5, -0.7445513355178686, 0.18007302676236936], ["Ba1.0!@#$%^Nb0.05Fe0.95", -1.585026652029182, 0.026000000000000002, -1.2362517926633139, 0.05804278029823146], ["Nd0.1Ba0.9!@#$%^Co0.7Fe0.3", -1.0457574905606752, 0.08999999999999998, -1.0619005646315234, 0.08671603966853476], ["Pr0.1Ba0.9!@#$%^Co0.7Fe0.3", -1.585026652029182, 0.026000000000000002, -1.0770524220905364, 0.08374281931469787], ["La0.3Bi0.5Sr0.2!@#$%^Fe1.0", -1.0, 0.1, -0.9703753161848071, 0.10705937009939548], ["Pr0.5Sr0.5!@#$%^Fe0.8Cu0.2", -0.8239087409443188, 0.15, -0.780361216341362, 0.16582071508300392], ["Pr0.8Ca0.2!@#$%^Fe0.8Ni0.2", -0.27572413039921095, 0.53, -0.2201358102467238, 0.6023711863237625], ["Bi0.5Sr0.5!@#$%^Fe0.85Nb0.15", -1.1135092748275182, 0.077, -1.1372575471363566, 0.07290250525419818], ["Pr0.6Sr0.4!@#$%^Fe0.7Ni0.2Mo0.1", -0.045757490560675115, 0.9, -0.14611299488265617, 0.7143104523652949], ["La0.1Bi0.7Sr0.2!@#$%^Fe1.0", -1.0, 0.1, -1.0996239043691567, 0.07950164147105673], ["Sr1.0!@#$%^Sc0.175Nb0.025Co0.8", -2.070581074285707, 0.008500000000000002, -1.9149462398532493, 0.012163365583612699], ["Ba0.5Sr0.5!@#$%^Fe0.9Nb0.1", -1.0861861476162833, 0.082, -1.144684010618348, 0.07166646603497738], ["La0.2Ba0.8!@#$%^Co0.7Fe0.3", -0.6575773191777937, 0.22000000000000003, -0.9228742676516531, 0.11943338253233399], ["Sr1.0!@#$%^Nb0.2Fe0.8", -1.0705810742857071, 0.08500000000000002, -1.0411780804738295, 0.09095402433247265], ["Sr1.0!@#$%^Fe0.95Ti0.05", -0.6575773191777937, 0.22000000000000003, -1.157827877261866, 0.06952998292587449], ["Ba0.5Sr0.5!@#$%^Fe0.8Cu0.1Ti0.1", -1.6989700043360187, 0.020000000000000004, -1.0572291545624593, 0.08765381955824611], ["La0.5Sr0.5!@#$%^Fe0.8Cu0.15Nb0.05", -0.4559319556497244, 0.35, -0.44107121697355967, 0.3621836015419404], ["Ba0.5Sr0.5!@#$%^Co0.8Fe0.2", -1.744727494896694, 0.018, -1.431700681925161, 0.03700831551907273], ["Sr1.0!@#$%^Fe0.9Nb0.1", -0.5376020021010439, 0.29, -1.1434693816803094, 0.07186718238825945], ["Pr0.6Ca0.4!@#$%^Fe0.8Ni0.2", -0.3098039199714863, 0.49000000000000005, -0.3819015219011189, 0.4150481458761117], ["Bi0.4Sr0.6!@#$%^Co0.3Fe0.7", -0.619788758288394, 0.24, -0.6744687097621249, 0.21160761397236424], ["Sr1.0!@#$%^Sc0.2Co0.8", -1.7212463990471711, 0.018999999999999996, -1.821324533932918, 0.015089521426188544], ["Sr1.0!@#$%^Fe1.0", -1.1426675035687315, 0.07200000000000001, -1.1508345527132149, 0.07065866817550784], ["La0.4Sr0.6!@#$%^Co0.8Fe0.2", -1.4436974992327127, 0.036, -1.343934069209495, 0.045296634007293904], ["Pr0.2Ba0.8!@#$%^Co0.7Fe0.3", -1.0457574905606752, 0.08999999999999998, -0.9457811754918961, 0.11329710805737145], ["Pr0.7Ca0.3!@#$%^Fe0.8Ni0.2", -0.2924298239020636, 0.51, -0.31635135792527336, 0.4826681502885049], ["Sr1.0!@#$%^Nb0.1Fe0.9", -1.2218487496163564, 0.06, -1.1434693816803094, 0.07186718238825945], ["La1.0!@#$%^Co1.0", 0.5105450102066121, 3.2399999999999998, 0.41024269354499776, 2.5718325792858594]]}